2026-03-17 16:58:51 [info     ] combo_start                    combo=australia:undergraduate progress=0.0% scraper=IDPCourseScraper total_so_far=0
2026-03-17 16:58:53 [info     ] http_request                   response_time_ms=1351.4 scraper=IDPCourseScraper status_code=200 url=https://www.idp.com/nepal/find-a-course/all-subject/undergraduate/australia/
2026-03-17 16:58:55 [info     ] http_request                   response_time_ms=1203.6 scraper=IDPCourseScraper status_code=200 url='https://www.idp.com/nepal/find-a-course/all-subject/undergraduate/australia/?page=2'
2026-03-17 16:58:56 [info     ] http_request                   response_time_ms=1425.2 scraper=IDPCourseScraper status_code=200 url='https://www.idp.com/nepal/find-a-course/all-subject/undergraduate/australia/?page=3'
2026-03-17 16:58:57 [info     ] http_request                   response_time_ms=1258.0 scraper=IDPCourseScraper status_code=200 url='https://www.idp.com/nepal/find-a-course/all-subject/undergraduate/australia/?page=4'
2026-03-17 16:58:59 [info     ] http_request                   response_time_ms=1324.4 scraper=IDPCourseScraper status_code=200 url='https://www.idp.com/nepal/find-a-course/all-subject/undergraduate/australia/?page=5'
2026-03-17 16:59:00 [info     ] http_request                   response_time_ms=1557.7 scraper=IDPCourseScraper status_code=200 url='https://www.idp.com/nepal/find-a-course/all-subject/undergraduate/australia/?page=6'
2026-03-17 16:59:02 [info     ] http_request                   response_time_ms=1217.2 scraper=IDPCourseScraper status_code=200 url='https://www.idp.com/nepal/find-a-course/all-subject/undergraduate/australia/?page=7'
2026-03-17 16:59:03 [info     ] http_request                   response_time_ms=1375.7 scraper=IDPCourseScraper status_code=200 url='https://www.idp.com/nepal/find-a-course/all-subject/undergraduate/australia/?page=8'
2026-03-17 16:59:04 [info     ] http_request                   response_time_ms=1261.9 scraper=IDPCourseScraper status_code=200 url='https://www.idp.com/nepal/find-a-course/all-subject/undergraduate/australia/?page=9'
2026-03-17 16:59:06 [info     ] http_request                   response_time_ms=1223.8 scraper=IDPCourseScraper status_code=200 url='https://www.idp.com/nepal/find-a-course/all-subject/undergraduate/australia/?page=10'
2026-03-17 16:59:07 [info     ] http_request                   response_time_ms=1529.9 scraper=IDPCourseScraper status_code=200 url='https://www.idp.com/nepal/find-a-course/all-subject/undergraduate/australia/?page=11'
2026-03-17 16:59:09 [info     ] http_request                   response_time_ms=1447.3 scraper=IDPCourseScraper status_code=200 url='https://www.idp.com/nepal/find-a-course/all-subject/undergraduate/australia/?page=12'
2026-03-17 16:59:10 [info     ] http_request                   response_time_ms=1442.3 scraper=IDPCourseScraper status_code=200 url='https://www.idp.com/nepal/find-a-course/all-subject/undergraduate/australia/?page=13'
2026-03-17 16:59:12 [info     ] http_request                   response_time_ms=1421.5 scraper=IDPCourseScraper status_code=200 url='https://www.idp.com/nepal/find-a-course/all-subject/undergraduate/australia/?page=14'
2026-03-17 16:59:13 [info     ] http_request                   response_time_ms=1269.6 scraper=IDPCourseScraper status_code=200 url='https://www.idp.com/nepal/find-a-course/all-subject/undergraduate/australia/?page=15'
2026-03-17 16:59:14 [info     ] http_request                   response_time_ms=1293.4 scraper=IDPCourseScraper status_code=200 url='https://www.idp.com/nepal/find-a-course/all-subject/undergraduate/australia/?page=16'
2026-03-17 16:59:15 [info     ] http_request                   response_time_ms=1225.4 scraper=IDPCourseScraper status_code=200 url='https://www.idp.com/nepal/find-a-course/all-subject/undergraduate/australia/?page=17'
2026-03-17 16:59:17 [info     ] http_request                   response_time_ms=1310.9 scraper=IDPCourseScraper status_code=200 url='https://www.idp.com/nepal/find-a-course/all-subject/undergraduate/australia/?page=18'
2026-03-17 16:59:18 [info     ] http_request                   response_time_ms=1407.6 scraper=IDPCourseScraper status_code=200 url='https://www.idp.com/nepal/find-a-course/all-subject/undergraduate/australia/?page=19'
2026-03-17 16:59:20 [info     ] http_request                   response_time_ms=1236.4 scraper=IDPCourseScraper status_code=200 url='https://www.idp.com/nepal/find-a-course/all-subject/undergraduate/australia/?page=20'
2026-03-17 16:59:21 [info     ] http_request                   response_time_ms=1306.1 scraper=IDPCourseScraper status_code=200 url='https://www.idp.com/nepal/find-a-course/all-subject/undergraduate/australia/?page=21'
2026-03-17 16:59:22 [info     ] http_request                   response_time_ms=1373.0 scraper=IDPCourseScraper status_code=200 url='https://www.idp.com/nepal/find-a-course/all-subject/undergraduate/australia/?page=22'
2026-03-17 16:59:24 [info     ] http_request                   response_time_ms=1457.8 scraper=IDPCourseScraper status_code=200 url='https://www.idp.com/nepal/find-a-course/all-subject/undergraduate/australia/?page=23'
2026-03-17 16:59:25 [info     ] http_request                   response_time_ms=1554.0 scraper=IDPCourseScraper status_code=200 url='https://www.idp.com/nepal/find-a-course/all-subject/undergraduate/australia/?page=24'
2026-03-17 16:59:27 [info     ] http_request                   response_time_ms=1214.4 scraper=IDPCourseScraper status_code=200 url='https://www.idp.com/nepal/find-a-course/all-subject/undergraduate/australia/?page=25'
2026-03-17 16:59:28 [info     ] http_request                   response_time_ms=1222.8 scraper=IDPCourseScraper status_code=200 url='https://www.idp.com/nepal/find-a-course/all-subject/undergraduate/australia/?page=26'
2026-03-17 16:59:29 [info     ] http_request                   response_time_ms=1358.5 scraper=IDPCourseScraper status_code=200 url='https://www.idp.com/nepal/find-a-course/all-subject/undergraduate/australia/?page=27'
2026-03-17 16:59:31 [info     ] http_request                   response_time_ms=1284.1 scraper=IDPCourseScraper status_code=200 url='https://www.idp.com/nepal/find-a-course/all-subject/undergraduate/australia/?page=28'
2026-03-17 16:59:32 [info     ] http_request                   response_time_ms=1335.7 scraper=IDPCourseScraper status_code=200 url='https://www.idp.com/nepal/find-a-course/all-subject/undergraduate/australia/?page=29'
2026-03-17 16:59:33 [info     ] http_request                   response_time_ms=1347.3 scraper=IDPCourseScraper status_code=200 url='https://www.idp.com/nepal/find-a-course/all-subject/undergraduate/australia/?page=30'
2026-03-17 16:59:35 [info     ] http_request                   response_time_ms=1372.7 scraper=IDPCourseScraper status_code=200 url='https://www.idp.com/nepal/find-a-course/all-subject/undergraduate/australia/?page=31'
2026-03-17 16:59:36 [info     ] http_request                   response_time_ms=1532.6 scraper=IDPCourseScraper status_code=200 url='https://www.idp.com/nepal/find-a-course/all-subject/undergraduate/australia/?page=32'
2026-03-17 16:59:38 [info     ] http_request                   response_time_ms=1424.6 scraper=IDPCourseScraper status_code=200 url='https://www.idp.com/nepal/find-a-course/all-subject/undergraduate/australia/?page=33'
2026-03-17 16:59:39 [info     ] http_request                   response_time_ms=1420.6 scraper=IDPCourseScraper status_code=200 url='https://www.idp.com/nepal/find-a-course/all-subject/undergraduate/australia/?page=34'
2026-03-17 16:59:41 [info     ] http_request                   response_time_ms=1500.7 scraper=IDPCourseScraper status_code=200 url='https://www.idp.com/nepal/find-a-course/all-subject/undergraduate/australia/?page=35'
2026-03-17 16:59:42 [info     ] http_request                   response_time_ms=1209.6 scraper=IDPCourseScraper status_code=200 url='https://www.idp.com/nepal/find-a-course/all-subject/undergraduate/australia/?page=36'
2026-03-17 16:59:43 [info     ] http_request                   response_time_ms=1345.1 scraper=IDPCourseScraper status_code=200 url='https://www.idp.com/nepal/find-a-course/all-subject/undergraduate/australia/?page=37'
2026-03-17 16:59:44 [info     ] http_request                   response_time_ms=831.1 scraper=IDPCourseScraper status_code=200 url='https://www.idp.com/nepal/find-a-course/all-subject/undergraduate/australia/?page=38'
2026-03-17 16:59:45 [info     ] http_request                   response_time_ms=975.1 scraper=IDPCourseScraper status_code=200 url='https://www.idp.com/nepal/find-a-course/all-subject/undergraduate/australia/?page=39'
2026-03-17 16:59:47 [info     ] http_request                   response_time_ms=1279.5 scraper=IDPCourseScraper status_code=200 url='https://www.idp.com/nepal/find-a-course/all-subject/undergraduate/australia/?page=40'
2026-03-17 16:59:48 [info     ] http_request                   response_time_ms=1217.5 scraper=IDPCourseScraper status_code=200 url='https://www.idp.com/nepal/find-a-course/all-subject/undergraduate/australia/?page=41'
2026-03-17 16:59:49 [info     ] http_request                   response_time_ms=1299.4 scraper=IDPCourseScraper status_code=200 url='https://www.idp.com/nepal/find-a-course/all-subject/undergraduate/australia/?page=42'
2026-03-17 16:59:51 [info     ] http_request                   response_time_ms=1520.9 scraper=IDPCourseScraper status_code=200 url='https://www.idp.com/nepal/find-a-course/all-subject/undergraduate/australia/?page=43'
2026-03-17 16:59:52 [info     ] http_request                   response_time_ms=1290.0 scraper=IDPCourseScraper status_code=200 url='https://www.idp.com/nepal/find-a-course/all-subject/undergraduate/australia/?page=44'
2026-03-17 16:59:54 [info     ] http_request                   response_time_ms=1209.8 scraper=IDPCourseScraper status_code=200 url='https://www.idp.com/nepal/find-a-course/all-subject/undergraduate/australia/?page=45'
2026-03-17 16:59:55 [info     ] http_request                   response_time_ms=1221.1 scraper=IDPCourseScraper status_code=200 url='https://www.idp.com/nepal/find-a-course/all-subject/undergraduate/australia/?page=46'
2026-03-17 16:59:56 [info     ] http_request                   response_time_ms=1260.4 scraper=IDPCourseScraper status_code=200 url='https://www.idp.com/nepal/find-a-course/all-subject/undergraduate/australia/?page=47'
2026-03-17 16:59:58 [info     ] http_request                   response_time_ms=1608.7 scraper=IDPCourseScraper status_code=200 url='https://www.idp.com/nepal/find-a-course/all-subject/undergraduate/australia/?page=48'
2026-03-17 16:59:59 [info     ] http_request                   response_time_ms=1424.4 scraper=IDPCourseScraper status_code=200 url='https://www.idp.com/nepal/find-a-course/all-subject/undergraduate/australia/?page=49'
2026-03-17 16:59:59 [info     ] pagination_progress            courses_so_far=588 page=50 scraper=IDPCourseScraper
2026-03-17 17:00:01 [info     ] http_request                   response_time_ms=1283.4 scraper=IDPCourseScraper status_code=200 url='https://www.idp.com/nepal/find-a-course/all-subject/undergraduate/australia/?page=50'
2026-03-17 17:00:02 [info     ] http_request                   response_time_ms=1031.0 scraper=IDPCourseScraper status_code=200 url='https://www.idp.com/nepal/find-a-course/all-subject/undergraduate/australia/?page=51'
2026-03-17 17:00:03 [info     ] http_request                   response_time_ms=1298.9 scraper=IDPCourseScraper status_code=200 url='https://www.idp.com/nepal/find-a-course/all-subject/undergraduate/australia/?page=52'
2026-03-17 17:00:04 [info     ] http_request                   response_time_ms=1257.5 scraper=IDPCourseScraper status_code=200 url='https://www.idp.com/nepal/find-a-course/all-subject/undergraduate/australia/?page=53'
2026-03-17 17:00:06 [info     ] http_request                   response_time_ms=1287.2 scraper=IDPCourseScraper status_code=200 url='https://www.idp.com/nepal/find-a-course/all-subject/undergraduate/australia/?page=54'
2026-03-17 17:00:07 [info     ] http_request                   response_time_ms=1637.5 scraper=IDPCourseScraper status_code=200 url='https://www.idp.com/nepal/find-a-course/all-subject/undergraduate/australia/?page=55'
2026-03-17 17:00:09 [info     ] http_request                   response_time_ms=1339.7 scraper=IDPCourseScraper status_code=200 url='https://www.idp.com/nepal/find-a-course/all-subject/undergraduate/australia/?page=56'
2026-03-17 17:00:10 [info     ] http_request                   response_time_ms=1265.7 scraper=IDPCourseScraper status_code=200 url='https://www.idp.com/nepal/find-a-course/all-subject/undergraduate/australia/?page=57'
2026-03-17 17:00:11 [info     ] http_request                   response_time_ms=947.4 scraper=IDPCourseScraper status_code=200 url='https://www.idp.com/nepal/find-a-course/all-subject/undergraduate/australia/?page=58'
2026-03-17 17:00:12 [info     ] http_request                   response_time_ms=1311.8 scraper=IDPCourseScraper status_code=200 url='https://www.idp.com/nepal/find-a-course/all-subject/undergraduate/australia/?page=59'
2026-03-17 17:00:14 [info     ] http_request                   response_time_ms=1452.9 scraper=IDPCourseScraper status_code=200 url='https://www.idp.com/nepal/find-a-course/all-subject/undergraduate/australia/?page=60'
2026-03-17 17:00:15 [info     ] http_request                   response_time_ms=1288.3 scraper=IDPCourseScraper status_code=200 url='https://www.idp.com/nepal/find-a-course/all-subject/undergraduate/australia/?page=61'
2026-03-17 17:00:16 [info     ] http_request                   response_time_ms=1256.4 scraper=IDPCourseScraper status_code=200 url='https://www.idp.com/nepal/find-a-course/all-subject/undergraduate/australia/?page=62'
2026-03-17 17:00:18 [info     ] http_request                   response_time_ms=1246.9 scraper=IDPCourseScraper status_code=200 url='https://www.idp.com/nepal/find-a-course/all-subject/undergraduate/australia/?page=63'
2026-03-17 17:00:19 [info     ] http_request                   response_time_ms=1301.2 scraper=IDPCourseScraper status_code=200 url='https://www.idp.com/nepal/find-a-course/all-subject/undergraduate/australia/?page=64'
2026-03-17 17:00:21 [info     ] http_request                   response_time_ms=1532.1 scraper=IDPCourseScraper status_code=200 url='https://www.idp.com/nepal/find-a-course/all-subject/undergraduate/australia/?page=65'
2026-03-17 17:00:22 [info     ] http_request                   response_time_ms=1285.8 scraper=IDPCourseScraper status_code=200 url='https://www.idp.com/nepal/find-a-course/all-subject/undergraduate/australia/?page=66'
2026-03-17 17:00:24 [info     ] http_request                   response_time_ms=1609.7 scraper=IDPCourseScraper status_code=200 url='https://www.idp.com/nepal/find-a-course/all-subject/undergraduate/australia/?page=67'
2026-03-17 17:00:25 [info     ] http_request                   response_time_ms=1646.9 scraper=IDPCourseScraper status_code=200 url='https://www.idp.com/nepal/find-a-course/all-subject/undergraduate/australia/?page=68'
2026-03-17 17:00:27 [info     ] http_request                   response_time_ms=1300.1 scraper=IDPCourseScraper status_code=200 url='https://www.idp.com/nepal/find-a-course/all-subject/undergraduate/australia/?page=69'
2026-03-17 17:00:28 [info     ] http_request                   response_time_ms=1294.1 scraper=IDPCourseScraper status_code=200 url='https://www.idp.com/nepal/find-a-course/all-subject/undergraduate/australia/?page=70'
2026-03-17 17:00:29 [info     ] http_request                   response_time_ms=1214.1 scraper=IDPCourseScraper status_code=200 url='https://www.idp.com/nepal/find-a-course/all-subject/undergraduate/australia/?page=71'
2026-03-17 17:00:30 [info     ] http_request                   response_time_ms=1248.1 scraper=IDPCourseScraper status_code=200 url='https://www.idp.com/nepal/find-a-course/all-subject/undergraduate/australia/?page=72'
2026-03-17 17:00:32 [info     ] http_request                   response_time_ms=1718.6 scraper=IDPCourseScraper status_code=200 url='https://www.idp.com/nepal/find-a-course/all-subject/undergraduate/australia/?page=73'
2026-03-17 17:00:34 [info     ] http_request                   response_time_ms=1306.1 scraper=IDPCourseScraper status_code=200 url='https://www.idp.com/nepal/find-a-course/all-subject/undergraduate/australia/?page=74'
2026-03-17 17:00:35 [info     ] http_request                   response_time_ms=1425.0 scraper=IDPCourseScraper status_code=200 url='https://www.idp.com/nepal/find-a-course/all-subject/undergraduate/australia/?page=75'
2026-03-17 17:00:36 [info     ] http_request                   response_time_ms=1273.9 scraper=IDPCourseScraper status_code=200 url='https://www.idp.com/nepal/find-a-course/all-subject/undergraduate/australia/?page=76'
2026-03-17 17:00:38 [info     ] http_request                   response_time_ms=1291.7 scraper=IDPCourseScraper status_code=200 url='https://www.idp.com/nepal/find-a-course/all-subject/undergraduate/australia/?page=77'
2026-03-17 17:00:39 [info     ] http_request                   response_time_ms=1243.0 scraper=IDPCourseScraper status_code=200 url='https://www.idp.com/nepal/find-a-course/all-subject/undergraduate/australia/?page=78'
2026-03-17 17:00:40 [info     ] http_request                   response_time_ms=1486.2 scraper=IDPCourseScraper status_code=200 url='https://www.idp.com/nepal/find-a-course/all-subject/undergraduate/australia/?page=79'
2026-03-17 17:00:42 [info     ] http_request                   response_time_ms=1460.5 scraper=IDPCourseScraper status_code=200 url='https://www.idp.com/nepal/find-a-course/all-subject/undergraduate/australia/?page=80'
2026-03-17 17:00:43 [info     ] http_request                   response_time_ms=1241.4 scraper=IDPCourseScraper status_code=200 url='https://www.idp.com/nepal/find-a-course/all-subject/undergraduate/australia/?page=81'
2026-03-17 17:00:45 [info     ] http_request                   response_time_ms=1307.3 scraper=IDPCourseScraper status_code=200 url='https://www.idp.com/nepal/find-a-course/all-subject/undergraduate/australia/?page=82'
2026-03-17 17:00:46 [info     ] http_request                   response_time_ms=1586.2 scraper=IDPCourseScraper status_code=200 url='https://www.idp.com/nepal/find-a-course/all-subject/undergraduate/australia/?page=83'
2026-03-17 17:00:48 [info     ] http_request                   response_time_ms=1783.2 scraper=IDPCourseScraper status_code=200 url='https://www.idp.com/nepal/find-a-course/all-subject/undergraduate/australia/?page=84'
2026-03-17 17:00:49 [info     ] http_request                   response_time_ms=1304.7 scraper=IDPCourseScraper status_code=200 url='https://www.idp.com/nepal/find-a-course/all-subject/undergraduate/australia/?page=85'
2026-03-17 17:00:51 [info     ] http_request                   response_time_ms=1466.1 scraper=IDPCourseScraper status_code=200 url='https://www.idp.com/nepal/find-a-course/all-subject/undergraduate/australia/?page=86'
2026-03-17 17:00:52 [info     ] http_request                   response_time_ms=1467.4 scraper=IDPCourseScraper status_code=200 url='https://www.idp.com/nepal/find-a-course/all-subject/undergraduate/australia/?page=87'
2026-03-17 17:00:54 [info     ] http_request                   response_time_ms=1292.3 scraper=IDPCourseScraper status_code=200 url='https://www.idp.com/nepal/find-a-course/all-subject/undergraduate/australia/?page=88'
2026-03-17 17:00:55 [info     ] http_request                   response_time_ms=1238.6 scraper=IDPCourseScraper status_code=200 url='https://www.idp.com/nepal/find-a-course/all-subject/undergraduate/australia/?page=89'
2026-03-17 17:00:56 [info     ] http_request                   response_time_ms=1258.1 scraper=IDPCourseScraper status_code=200 url='https://www.idp.com/nepal/find-a-course/all-subject/undergraduate/australia/?page=90'
2026-03-17 17:00:58 [info     ] http_request                   response_time_ms=1522.3 scraper=IDPCourseScraper status_code=200 url='https://www.idp.com/nepal/find-a-course/all-subject/undergraduate/australia/?page=91'
2026-03-17 17:00:59 [info     ] http_request                   response_time_ms=1216.2 scraper=IDPCourseScraper status_code=200 url='https://www.idp.com/nepal/find-a-course/all-subject/undergraduate/australia/?page=92'
2026-03-17 17:01:00 [info     ] http_request                   response_time_ms=1369.0 scraper=IDPCourseScraper status_code=200 url='https://www.idp.com/nepal/find-a-course/all-subject/undergraduate/australia/?page=93'
2026-03-17 17:01:02 [info     ] http_request                   response_time_ms=1254.7 scraper=IDPCourseScraper status_code=200 url='https://www.idp.com/nepal/find-a-course/all-subject/undergraduate/australia/?page=94'
2026-03-17 17:01:03 [info     ] http_request                   response_time_ms=1298.6 scraper=IDPCourseScraper status_code=200 url='https://www.idp.com/nepal/find-a-course/all-subject/undergraduate/australia/?page=95'
2026-03-17 17:01:05 [info     ] http_request                   response_time_ms=1513.3 scraper=IDPCourseScraper status_code=200 url='https://www.idp.com/nepal/find-a-course/all-subject/undergraduate/australia/?page=96'
2026-03-17 17:01:06 [info     ] http_request                   response_time_ms=1244.5 scraper=IDPCourseScraper status_code=200 url='https://www.idp.com/nepal/find-a-course/all-subject/undergraduate/australia/?page=97'
2026-03-17 17:01:07 [info     ] http_request                   response_time_ms=897.1 scraper=IDPCourseScraper status_code=200 url='https://www.idp.com/nepal/find-a-course/all-subject/undergraduate/australia/?page=98'
2026-03-17 17:01:08 [info     ] http_request                   response_time_ms=1251.9 scraper=IDPCourseScraper status_code=200 url='https://www.idp.com/nepal/find-a-course/all-subject/undergraduate/australia/?page=99'
2026-03-17 17:01:08 [info     ] pagination_progress            courses_so_far=1188 page=100 scraper=IDPCourseScraper
2026-03-17 17:01:10 [info     ] http_request                   response_time_ms=1529.9 scraper=IDPCourseScraper status_code=200 url='https://www.idp.com/nepal/find-a-course/all-subject/undergraduate/australia/?page=100'
2026-03-17 17:01:11 [info     ] http_request                   response_time_ms=1397.5 scraper=IDPCourseScraper status_code=200 url='https://www.idp.com/nepal/find-a-course/all-subject/undergraduate/australia/?page=101'
2026-03-17 17:01:12 [info     ] http_request                   response_time_ms=907.8 scraper=IDPCourseScraper status_code=200 url='https://www.idp.com/nepal/find-a-course/all-subject/undergraduate/australia/?page=102'
2026-03-17 17:01:14 [info     ] http_request                   response_time_ms=1555.1 scraper=IDPCourseScraper status_code=200 url='https://www.idp.com/nepal/find-a-course/all-subject/undergraduate/australia/?page=103'
2026-03-17 17:01:15 [info     ] http_request                   response_time_ms=1407.9 scraper=IDPCourseScraper status_code=200 url='https://www.idp.com/nepal/find-a-course/all-subject/undergraduate/australia/?page=104'
2026-03-17 17:01:17 [info     ] http_request                   response_time_ms=1318.1 scraper=IDPCourseScraper status_code=200 url='https://www.idp.com/nepal/find-a-course/all-subject/undergraduate/australia/?page=105'
2026-03-17 17:01:18 [info     ] http_request                   response_time_ms=1289.0 scraper=IDPCourseScraper status_code=200 url='https://www.idp.com/nepal/find-a-course/all-subject/undergraduate/australia/?page=106'
2026-03-17 17:01:20 [info     ] http_request                   response_time_ms=1661.5 scraper=IDPCourseScraper status_code=200 url='https://www.idp.com/nepal/find-a-course/all-subject/undergraduate/australia/?page=107'
2026-03-17 17:01:21 [info     ] http_request                   response_time_ms=1353.8 scraper=IDPCourseScraper status_code=200 url='https://www.idp.com/nepal/find-a-course/all-subject/undergraduate/australia/?page=108'
2026-03-17 17:01:22 [info     ] http_request                   response_time_ms=1260.0 scraper=IDPCourseScraper status_code=200 url='https://www.idp.com/nepal/find-a-course/all-subject/undergraduate/australia/?page=109'
2026-03-17 17:01:24 [info     ] http_request                   response_time_ms=1498.8 scraper=IDPCourseScraper status_code=200 url='https://www.idp.com/nepal/find-a-course/all-subject/undergraduate/australia/?page=110'
2026-03-17 17:01:25 [info     ] http_request                   response_time_ms=1265.1 scraper=IDPCourseScraper status_code=200 url='https://www.idp.com/nepal/find-a-course/all-subject/undergraduate/australia/?page=111'
2026-03-17 17:01:27 [info     ] http_request                   response_time_ms=1390.4 scraper=IDPCourseScraper status_code=200 url='https://www.idp.com/nepal/find-a-course/all-subject/undergraduate/australia/?page=112'
2026-03-17 17:01:28 [info     ] http_request                   response_time_ms=1557.3 scraper=IDPCourseScraper status_code=200 url='https://www.idp.com/nepal/find-a-course/all-subject/undergraduate/australia/?page=113'
2026-03-17 17:01:30 [info     ] http_request                   response_time_ms=1276.9 scraper=IDPCourseScraper status_code=200 url='https://www.idp.com/nepal/find-a-course/all-subject/undergraduate/australia/?page=114'
2026-03-17 17:01:31 [info     ] http_request                   response_time_ms=1133.3 scraper=IDPCourseScraper status_code=200 url='https://www.idp.com/nepal/find-a-course/all-subject/undergraduate/australia/?page=115'
2026-03-17 17:01:32 [info     ] http_request                   response_time_ms=1231.5 scraper=IDPCourseScraper status_code=200 url='https://www.idp.com/nepal/find-a-course/all-subject/undergraduate/australia/?page=116'
2026-03-17 17:01:33 [info     ] http_request                   response_time_ms=1415.7 scraper=IDPCourseScraper status_code=200 url='https://www.idp.com/nepal/find-a-course/all-subject/undergraduate/australia/?page=117'
2026-03-17 17:01:35 [info     ] http_request                   response_time_ms=1428.9 scraper=IDPCourseScraper status_code=200 url='https://www.idp.com/nepal/find-a-course/all-subject/undergraduate/australia/?page=118'
2026-03-17 17:01:36 [info     ] http_request                   response_time_ms=1325.7 scraper=IDPCourseScraper status_code=200 url='https://www.idp.com/nepal/find-a-course/all-subject/undergraduate/australia/?page=119'
2026-03-17 17:01:37 [info     ] http_request                   response_time_ms=1003.9 scraper=IDPCourseScraper status_code=200 url='https://www.idp.com/nepal/find-a-course/all-subject/undergraduate/australia/?page=120'
2026-03-17 17:01:39 [info     ] http_request                   response_time_ms=1309.0 scraper=IDPCourseScraper status_code=200 url='https://www.idp.com/nepal/find-a-course/all-subject/undergraduate/australia/?page=121'
2026-03-17 17:01:40 [info     ] http_request                   response_time_ms=1297.3 scraper=IDPCourseScraper status_code=200 url='https://www.idp.com/nepal/find-a-course/all-subject/undergraduate/australia/?page=122'
2026-03-17 17:01:42 [info     ] http_request                   response_time_ms=1550.0 scraper=IDPCourseScraper status_code=200 url='https://www.idp.com/nepal/find-a-course/all-subject/undergraduate/australia/?page=123'
2026-03-17 17:01:43 [info     ] http_request                   response_time_ms=1287.8 scraper=IDPCourseScraper status_code=200 url='https://www.idp.com/nepal/find-a-course/all-subject/undergraduate/australia/?page=124'
2026-03-17 17:01:44 [info     ] http_request                   response_time_ms=1250.1 scraper=IDPCourseScraper status_code=200 url='https://www.idp.com/nepal/find-a-course/all-subject/undergraduate/australia/?page=125'
2026-03-17 17:01:46 [info     ] http_request                   response_time_ms=1322.6 scraper=IDPCourseScraper status_code=200 url='https://www.idp.com/nepal/find-a-course/all-subject/undergraduate/australia/?page=126'
2026-03-17 17:01:47 [info     ] http_request                   response_time_ms=1377.8 scraper=IDPCourseScraper status_code=200 url='https://www.idp.com/nepal/find-a-course/all-subject/undergraduate/australia/?page=127'
2026-03-17 17:01:49 [info     ] http_request                   response_time_ms=1384.4 scraper=IDPCourseScraper status_code=200 url='https://www.idp.com/nepal/find-a-course/all-subject/undergraduate/australia/?page=128'
2026-03-17 17:01:50 [info     ] http_request                   response_time_ms=1229.0 scraper=IDPCourseScraper status_code=200 url='https://www.idp.com/nepal/find-a-course/all-subject/undergraduate/australia/?page=129'
2026-03-17 17:01:51 [info     ] http_request                   response_time_ms=1541.6 scraper=IDPCourseScraper status_code=200 url='https://www.idp.com/nepal/find-a-course/all-subject/undergraduate/australia/?page=130'
2026-03-17 17:01:53 [info     ] http_request                   response_time_ms=1633.9 scraper=IDPCourseScraper status_code=200 url='https://www.idp.com/nepal/find-a-course/all-subject/undergraduate/australia/?page=131'
2026-03-17 17:01:55 [info     ] http_request                   response_time_ms=1494.3 scraper=IDPCourseScraper status_code=200 url='https://www.idp.com/nepal/find-a-course/all-subject/undergraduate/australia/?page=132'
2026-03-17 17:01:56 [info     ] http_request                   response_time_ms=1302.1 scraper=IDPCourseScraper status_code=200 url='https://www.idp.com/nepal/find-a-course/all-subject/undergraduate/australia/?page=133'
2026-03-17 17:01:57 [info     ] http_request                   response_time_ms=1328.3 scraper=IDPCourseScraper status_code=200 url='https://www.idp.com/nepal/find-a-course/all-subject/undergraduate/australia/?page=134'
2026-03-17 17:01:59 [info     ] http_request                   response_time_ms=1282.7 scraper=IDPCourseScraper status_code=200 url='https://www.idp.com/nepal/find-a-course/all-subject/undergraduate/australia/?page=135'
2026-03-17 17:02:00 [info     ] http_request                   response_time_ms=1457.4 scraper=IDPCourseScraper status_code=200 url='https://www.idp.com/nepal/find-a-course/all-subject/undergraduate/australia/?page=136'
2026-03-17 17:02:01 [info     ] http_request                   response_time_ms=1247.3 scraper=IDPCourseScraper status_code=200 url='https://www.idp.com/nepal/find-a-course/all-subject/undergraduate/australia/?page=137'
2026-03-17 17:02:03 [info     ] http_request                   response_time_ms=1448.7 scraper=IDPCourseScraper status_code=200 url='https://www.idp.com/nepal/find-a-course/all-subject/undergraduate/australia/?page=138'
2026-03-17 17:02:04 [info     ] http_request                   response_time_ms=1324.0 scraper=IDPCourseScraper status_code=200 url='https://www.idp.com/nepal/find-a-course/all-subject/undergraduate/australia/?page=139'
2026-03-17 17:02:06 [info     ] http_request                   response_time_ms=1273.5 scraper=IDPCourseScraper status_code=200 url='https://www.idp.com/nepal/find-a-course/all-subject/undergraduate/australia/?page=140'
2026-03-17 17:02:07 [info     ] http_request                   response_time_ms=1296.3 scraper=IDPCourseScraper status_code=200 url='https://www.idp.com/nepal/find-a-course/all-subject/undergraduate/australia/?page=141'
2026-03-17 17:02:08 [info     ] http_request                   response_time_ms=1240.2 scraper=IDPCourseScraper status_code=200 url='https://www.idp.com/nepal/find-a-course/all-subject/undergraduate/australia/?page=142'
2026-03-17 17:02:10 [info     ] http_request                   response_time_ms=1434.1 scraper=IDPCourseScraper status_code=200 url='https://www.idp.com/nepal/find-a-course/all-subject/undergraduate/australia/?page=143'
2026-03-17 17:02:11 [info     ] http_request                   response_time_ms=1603.6 scraper=IDPCourseScraper status_code=200 url='https://www.idp.com/nepal/find-a-course/all-subject/undergraduate/australia/?page=144'
2026-03-17 17:02:13 [info     ] http_request                   response_time_ms=1286.0 scraper=IDPCourseScraper status_code=200 url='https://www.idp.com/nepal/find-a-course/all-subject/undergraduate/australia/?page=145'
2026-03-17 17:02:14 [info     ] http_request                   response_time_ms=1301.7 scraper=IDPCourseScraper status_code=200 url='https://www.idp.com/nepal/find-a-course/all-subject/undergraduate/australia/?page=146'
2026-03-17 17:02:15 [info     ] http_request                   response_time_ms=1275.5 scraper=IDPCourseScraper status_code=200 url='https://www.idp.com/nepal/find-a-course/all-subject/undergraduate/australia/?page=147'
2026-03-17 17:02:17 [info     ] http_request                   response_time_ms=1240.9 scraper=IDPCourseScraper status_code=200 url='https://www.idp.com/nepal/find-a-course/all-subject/undergraduate/australia/?page=148'
2026-03-17 17:02:18 [info     ] http_request                   response_time_ms=1361.7 scraper=IDPCourseScraper status_code=200 url='https://www.idp.com/nepal/find-a-course/all-subject/undergraduate/australia/?page=149'
2026-03-17 17:02:18 [info     ] pagination_progress            courses_so_far=1788 page=150 scraper=IDPCourseScraper
2026-03-17 17:02:19 [info     ] http_request                   response_time_ms=1252.5 scraper=IDPCourseScraper status_code=200 url='https://www.idp.com/nepal/find-a-course/all-subject/undergraduate/australia/?page=150'
2026-03-17 17:02:21 [info     ] http_request                   response_time_ms=1304.3 scraper=IDPCourseScraper status_code=200 url='https://www.idp.com/nepal/find-a-course/all-subject/undergraduate/australia/?page=151'
2026-03-17 17:02:22 [info     ] http_request                   response_time_ms=1241.1 scraper=IDPCourseScraper status_code=200 url='https://www.idp.com/nepal/find-a-course/all-subject/undergraduate/australia/?page=152'
2026-03-17 17:02:23 [info     ] http_request                   response_time_ms=1270.2 scraper=IDPCourseScraper status_code=200 url='https://www.idp.com/nepal/find-a-course/all-subject/undergraduate/australia/?page=153'
2026-03-17 17:02:25 [info     ] http_request                   response_time_ms=1540.3 scraper=IDPCourseScraper status_code=200 url='https://www.idp.com/nepal/find-a-course/all-subject/undergraduate/australia/?page=154'
2026-03-17 17:02:26 [info     ] http_request                   response_time_ms=1368.1 scraper=IDPCourseScraper status_code=200 url='https://www.idp.com/nepal/find-a-course/all-subject/undergraduate/australia/?page=155'
2026-03-17 17:02:28 [info     ] http_request                   response_time_ms=1465.2 scraper=IDPCourseScraper status_code=200 url='https://www.idp.com/nepal/find-a-course/all-subject/undergraduate/australia/?page=156'
2026-03-17 17:02:29 [info     ] http_request                   response_time_ms=1439.3 scraper=IDPCourseScraper status_code=200 url='https://www.idp.com/nepal/find-a-course/all-subject/undergraduate/australia/?page=157'
2026-03-17 17:02:31 [info     ] http_request                   response_time_ms=1385.5 scraper=IDPCourseScraper status_code=200 url='https://www.idp.com/nepal/find-a-course/all-subject/undergraduate/australia/?page=158'
2026-03-17 17:02:32 [info     ] http_request                   response_time_ms=1505.3 scraper=IDPCourseScraper status_code=200 url='https://www.idp.com/nepal/find-a-course/all-subject/undergraduate/australia/?page=159'
2026-03-17 17:02:34 [info     ] http_request                   response_time_ms=1237.4 scraper=IDPCourseScraper status_code=200 url='https://www.idp.com/nepal/find-a-course/all-subject/undergraduate/australia/?page=160'
2026-03-17 17:02:35 [info     ] http_request                   response_time_ms=1261.6 scraper=IDPCourseScraper status_code=200 url='https://www.idp.com/nepal/find-a-course/all-subject/undergraduate/australia/?page=161'
2026-03-17 17:02:36 [info     ] http_request                   response_time_ms=1239.3 scraper=IDPCourseScraper status_code=200 url='https://www.idp.com/nepal/find-a-course/all-subject/undergraduate/australia/?page=162'
2026-03-17 17:02:38 [info     ] http_request                   response_time_ms=1386.6 scraper=IDPCourseScraper status_code=200 url='https://www.idp.com/nepal/find-a-course/all-subject/undergraduate/australia/?page=163'
2026-03-17 17:02:39 [info     ] http_request                   response_time_ms=1257.1 scraper=IDPCourseScraper status_code=200 url='https://www.idp.com/nepal/find-a-course/all-subject/undergraduate/australia/?page=164'
2026-03-17 17:02:40 [info     ] http_request                   response_time_ms=1276.9 scraper=IDPCourseScraper status_code=200 url='https://www.idp.com/nepal/find-a-course/all-subject/undergraduate/australia/?page=165'
2026-03-17 17:02:42 [info     ] http_request                   response_time_ms=1699.0 scraper=IDPCourseScraper status_code=200 url='https://www.idp.com/nepal/find-a-course/all-subject/undergraduate/australia/?page=166'
2026-03-17 17:02:44 [info     ] http_request                   response_time_ms=2402.1 scraper=IDPCourseScraper status_code=200 url='https://www.idp.com/nepal/find-a-course/all-subject/undergraduate/australia/?page=167'
2026-03-17 17:02:46 [info     ] http_request                   response_time_ms=1626.6 scraper=IDPCourseScraper status_code=200 url='https://www.idp.com/nepal/find-a-course/all-subject/undergraduate/australia/?page=168'
2026-03-17 17:02:47 [info     ] http_request                   response_time_ms=1321.7 scraper=IDPCourseScraper status_code=200 url='https://www.idp.com/nepal/find-a-course/all-subject/undergraduate/australia/?page=169'
2026-03-17 17:02:49 [info     ] http_request                   response_time_ms=1279.1 scraper=IDPCourseScraper status_code=200 url='https://www.idp.com/nepal/find-a-course/all-subject/undergraduate/australia/?page=170'
2026-03-17 17:02:50 [info     ] http_request                   response_time_ms=1211.9 scraper=IDPCourseScraper status_code=200 url='https://www.idp.com/nepal/find-a-course/all-subject/undergraduate/australia/?page=171'
2026-03-17 17:02:51 [info     ] http_request                   response_time_ms=1296.6 scraper=IDPCourseScraper status_code=200 url='https://www.idp.com/nepal/find-a-course/all-subject/undergraduate/australia/?page=172'
2026-03-17 17:02:53 [info     ] http_request                   response_time_ms=1494.4 scraper=IDPCourseScraper status_code=200 url='https://www.idp.com/nepal/find-a-course/all-subject/undergraduate/australia/?page=173'
2026-03-17 17:02:54 [info     ] http_request                   response_time_ms=1389.6 scraper=IDPCourseScraper status_code=200 url='https://www.idp.com/nepal/find-a-course/all-subject/undergraduate/australia/?page=174'
2026-03-17 17:02:56 [info     ] http_request                   response_time_ms=1612.9 scraper=IDPCourseScraper status_code=200 url='https://www.idp.com/nepal/find-a-course/all-subject/undergraduate/australia/?page=175'
2026-03-17 17:02:57 [info     ] http_request                   response_time_ms=1232.5 scraper=IDPCourseScraper status_code=200 url='https://www.idp.com/nepal/find-a-course/all-subject/undergraduate/australia/?page=176'
2026-03-17 17:02:58 [info     ] http_request                   response_time_ms=943.2 scraper=IDPCourseScraper status_code=200 url='https://www.idp.com/nepal/find-a-course/all-subject/undergraduate/australia/?page=177'
2026-03-17 17:03:00 [info     ] http_request                   response_time_ms=1460.1 scraper=IDPCourseScraper status_code=200 url='https://www.idp.com/nepal/find-a-course/all-subject/undergraduate/australia/?page=178'
2026-03-17 17:03:01 [info     ] http_request                   response_time_ms=1569.4 scraper=IDPCourseScraper status_code=200 url='https://www.idp.com/nepal/find-a-course/all-subject/undergraduate/australia/?page=179'
2026-03-17 17:03:03 [info     ] http_request                   response_time_ms=1520.8 scraper=IDPCourseScraper status_code=200 url='https://www.idp.com/nepal/find-a-course/all-subject/undergraduate/australia/?page=180'
2026-03-17 17:03:04 [info     ] http_request                   response_time_ms=1553.0 scraper=IDPCourseScraper status_code=200 url='https://www.idp.com/nepal/find-a-course/all-subject/undergraduate/australia/?page=181'
2026-03-17 17:03:06 [info     ] http_request                   response_time_ms=1281.1 scraper=IDPCourseScraper status_code=200 url='https://www.idp.com/nepal/find-a-course/all-subject/undergraduate/australia/?page=182'
2026-03-17 17:03:08 [info     ] http_request                   response_time_ms=1869.0 scraper=IDPCourseScraper status_code=200 url='https://www.idp.com/nepal/find-a-course/all-subject/undergraduate/australia/?page=183'
2026-03-17 17:03:09 [info     ] http_request                   response_time_ms=1500.9 scraper=IDPCourseScraper status_code=200 url='https://www.idp.com/nepal/find-a-course/all-subject/undergraduate/australia/?page=184'
2026-03-17 17:03:11 [info     ] http_request                   response_time_ms=1308.6 scraper=IDPCourseScraper status_code=200 url='https://www.idp.com/nepal/find-a-course/all-subject/undergraduate/australia/?page=185'
2026-03-17 17:03:12 [info     ] http_request                   response_time_ms=1356.9 scraper=IDPCourseScraper status_code=200 url='https://www.idp.com/nepal/find-a-course/all-subject/undergraduate/australia/?page=186'
2026-03-17 17:03:13 [info     ] http_request                   response_time_ms=1343.0 scraper=IDPCourseScraper status_code=200 url='https://www.idp.com/nepal/find-a-course/all-subject/undergraduate/australia/?page=187'
2026-03-17 17:03:15 [info     ] http_request                   response_time_ms=1248.6 scraper=IDPCourseScraper status_code=200 url='https://www.idp.com/nepal/find-a-course/all-subject/undergraduate/australia/?page=188'
2026-03-17 17:03:16 [info     ] http_request                   response_time_ms=1391.1 scraper=IDPCourseScraper status_code=200 url='https://www.idp.com/nepal/find-a-course/all-subject/undergraduate/australia/?page=189'
2026-03-17 17:03:18 [info     ] http_request                   response_time_ms=1450.0 scraper=IDPCourseScraper status_code=200 url='https://www.idp.com/nepal/find-a-course/all-subject/undergraduate/australia/?page=190'
2026-03-17 17:03:19 [info     ] http_request                   response_time_ms=1287.7 scraper=IDPCourseScraper status_code=200 url='https://www.idp.com/nepal/find-a-course/all-subject/undergraduate/australia/?page=191'
2026-03-17 17:03:20 [info     ] http_request                   response_time_ms=1449.9 scraper=IDPCourseScraper status_code=200 url='https://www.idp.com/nepal/find-a-course/all-subject/undergraduate/australia/?page=192'
2026-03-17 17:03:22 [info     ] http_request                   response_time_ms=1478.2 scraper=IDPCourseScraper status_code=200 url='https://www.idp.com/nepal/find-a-course/all-subject/undergraduate/australia/?page=193'
2026-03-17 17:03:23 [info     ] http_request                   response_time_ms=930.1 scraper=IDPCourseScraper status_code=200 url='https://www.idp.com/nepal/find-a-course/all-subject/undergraduate/australia/?page=194'
2026-03-17 17:03:24 [info     ] http_request                   response_time_ms=952.0 scraper=IDPCourseScraper status_code=200 url='https://www.idp.com/nepal/find-a-course/all-subject/undergraduate/australia/?page=195'
2026-03-17 17:03:25 [info     ] http_request                   response_time_ms=1319.3 scraper=IDPCourseScraper status_code=200 url='https://www.idp.com/nepal/find-a-course/all-subject/undergraduate/australia/?page=196'
2026-03-17 17:03:27 [info     ] http_request                   response_time_ms=1392.8 scraper=IDPCourseScraper status_code=200 url='https://www.idp.com/nepal/find-a-course/all-subject/undergraduate/australia/?page=197'
2026-03-17 17:03:28 [info     ] http_request                   response_time_ms=1400.3 scraper=IDPCourseScraper status_code=200 url='https://www.idp.com/nepal/find-a-course/all-subject/undergraduate/australia/?page=198'
2026-03-17 17:03:29 [info     ] http_request                   response_time_ms=1251.1 scraper=IDPCourseScraper status_code=200 url='https://www.idp.com/nepal/find-a-course/all-subject/undergraduate/australia/?page=199'
2026-03-17 17:03:30 [info     ] pagination_progress            courses_so_far=2388 page=200 scraper=IDPCourseScraper
2026-03-17 17:03:31 [info     ] http_request                   response_time_ms=1339.0 scraper=IDPCourseScraper status_code=200 url='https://www.idp.com/nepal/find-a-course/all-subject/undergraduate/australia/?page=200'
2026-03-17 17:03:32 [info     ] http_request                   response_time_ms=1449.2 scraper=IDPCourseScraper status_code=200 url='https://www.idp.com/nepal/find-a-course/all-subject/undergraduate/australia/?page=201'
2026-03-17 17:03:34 [info     ] http_request                   response_time_ms=1471.2 scraper=IDPCourseScraper status_code=200 url='https://www.idp.com/nepal/find-a-course/all-subject/undergraduate/australia/?page=202'
2026-03-17 17:03:35 [info     ] http_request                   response_time_ms=1416.6 scraper=IDPCourseScraper status_code=200 url='https://www.idp.com/nepal/find-a-course/all-subject/undergraduate/australia/?page=203'
2026-03-17 17:03:37 [info     ] http_request                   response_time_ms=2139.5 scraper=IDPCourseScraper status_code=200 url='https://www.idp.com/nepal/find-a-course/all-subject/undergraduate/australia/?page=204'
2026-03-17 17:03:39 [info     ] http_request                   response_time_ms=1761.8 scraper=IDPCourseScraper status_code=200 url='https://www.idp.com/nepal/find-a-course/all-subject/undergraduate/australia/?page=205'
2026-03-17 17:03:41 [info     ] http_request                   response_time_ms=1536.8 scraper=IDPCourseScraper status_code=200 url='https://www.idp.com/nepal/find-a-course/all-subject/undergraduate/australia/?page=206'
2026-03-17 17:03:42 [info     ] http_request                   response_time_ms=1328.7 scraper=IDPCourseScraper status_code=200 url='https://www.idp.com/nepal/find-a-course/all-subject/undergraduate/australia/?page=207'
2026-03-17 17:03:44 [info     ] http_request                   response_time_ms=1290.6 scraper=IDPCourseScraper status_code=200 url='https://www.idp.com/nepal/find-a-course/all-subject/undergraduate/australia/?page=208'
2026-03-17 17:03:45 [info     ] http_request                   response_time_ms=1289.5 scraper=IDPCourseScraper status_code=200 url='https://www.idp.com/nepal/find-a-course/all-subject/undergraduate/australia/?page=209'
2026-03-17 17:03:47 [info     ] http_request                   response_time_ms=1580.8 scraper=IDPCourseScraper status_code=200 url='https://www.idp.com/nepal/find-a-course/all-subject/undergraduate/australia/?page=210'
2026-03-17 17:03:48 [info     ] http_request                   response_time_ms=1401.0 scraper=IDPCourseScraper status_code=200 url='https://www.idp.com/nepal/find-a-course/all-subject/undergraduate/australia/?page=211'
2026-03-17 17:03:49 [info     ] http_request                   response_time_ms=1402.1 scraper=IDPCourseScraper status_code=200 url='https://www.idp.com/nepal/find-a-course/all-subject/undergraduate/australia/?page=212'
2026-03-17 17:03:51 [info     ] http_request                   response_time_ms=1475.1 scraper=IDPCourseScraper status_code=200 url='https://www.idp.com/nepal/find-a-course/all-subject/undergraduate/australia/?page=213'
2026-03-17 17:03:52 [info     ] http_request                   response_time_ms=1320.8 scraper=IDPCourseScraper status_code=200 url='https://www.idp.com/nepal/find-a-course/all-subject/undergraduate/australia/?page=214'
2026-03-17 17:03:54 [info     ] http_request                   response_time_ms=1411.3 scraper=IDPCourseScraper status_code=200 url='https://www.idp.com/nepal/find-a-course/all-subject/undergraduate/australia/?page=215'
2026-03-17 17:03:55 [info     ] http_request                   response_time_ms=1321.0 scraper=IDPCourseScraper status_code=200 url='https://www.idp.com/nepal/find-a-course/all-subject/undergraduate/australia/?page=216'
2026-03-17 17:03:57 [info     ] http_request                   response_time_ms=1431.2 scraper=IDPCourseScraper status_code=200 url='https://www.idp.com/nepal/find-a-course/all-subject/undergraduate/australia/?page=217'
2026-03-17 17:03:58 [info     ] http_request                   response_time_ms=1666.1 scraper=IDPCourseScraper status_code=200 url='https://www.idp.com/nepal/find-a-course/all-subject/undergraduate/australia/?page=218'
2026-03-17 17:04:00 [info     ] http_request                   response_time_ms=1510.9 scraper=IDPCourseScraper status_code=200 url='https://www.idp.com/nepal/find-a-course/all-subject/undergraduate/australia/?page=219'
2026-03-17 17:04:01 [info     ] http_request                   response_time_ms=1121.2 scraper=IDPCourseScraper status_code=200 url='https://www.idp.com/nepal/find-a-course/all-subject/undergraduate/australia/?page=220'
2026-03-17 17:04:02 [info     ] http_request                   response_time_ms=1270.2 scraper=IDPCourseScraper status_code=200 url='https://www.idp.com/nepal/find-a-course/all-subject/undergraduate/australia/?page=221'
2026-03-17 17:04:04 [info     ] http_request                   response_time_ms=1272.9 scraper=IDPCourseScraper status_code=200 url='https://www.idp.com/nepal/find-a-course/all-subject/undergraduate/australia/?page=222'
2026-03-17 17:04:05 [info     ] http_request                   response_time_ms=1305.2 scraper=IDPCourseScraper status_code=200 url='https://www.idp.com/nepal/find-a-course/all-subject/undergraduate/australia/?page=223'
2026-03-17 17:04:07 [info     ] http_request                   response_time_ms=1479.9 scraper=IDPCourseScraper status_code=200 url='https://www.idp.com/nepal/find-a-course/all-subject/undergraduate/australia/?page=224'
2026-03-17 17:04:08 [info     ] http_request                   response_time_ms=1345.5 scraper=IDPCourseScraper status_code=200 url='https://www.idp.com/nepal/find-a-course/all-subject/undergraduate/australia/?page=225'
2026-03-17 17:04:09 [info     ] http_request                   response_time_ms=1288.1 scraper=IDPCourseScraper status_code=200 url='https://www.idp.com/nepal/find-a-course/all-subject/undergraduate/australia/?page=226'
2026-03-17 17:04:11 [info     ] http_request                   response_time_ms=1375.8 scraper=IDPCourseScraper status_code=200 url='https://www.idp.com/nepal/find-a-course/all-subject/undergraduate/australia/?page=227'
2026-03-17 17:04:12 [info     ] http_request                   response_time_ms=1346.5 scraper=IDPCourseScraper status_code=200 url='https://www.idp.com/nepal/find-a-course/all-subject/undergraduate/australia/?page=228'
2026-03-17 17:04:13 [info     ] http_request                   response_time_ms=1295.5 scraper=IDPCourseScraper status_code=200 url='https://www.idp.com/nepal/find-a-course/all-subject/undergraduate/australia/?page=229'
2026-03-17 17:04:15 [info     ] http_request                   response_time_ms=1760.4 scraper=IDPCourseScraper status_code=200 url='https://www.idp.com/nepal/find-a-course/all-subject/undergraduate/australia/?page=230'
2026-03-17 17:04:17 [info     ] http_request                   response_time_ms=1277.8 scraper=IDPCourseScraper status_code=200 url='https://www.idp.com/nepal/find-a-course/all-subject/undergraduate/australia/?page=231'
2026-03-17 17:04:18 [info     ] http_request                   response_time_ms=1040.2 scraper=IDPCourseScraper status_code=200 url='https://www.idp.com/nepal/find-a-course/all-subject/undergraduate/australia/?page=232'
2026-03-17 17:04:19 [info     ] http_request                   response_time_ms=1613.1 scraper=IDPCourseScraper status_code=200 url='https://www.idp.com/nepal/find-a-course/all-subject/undergraduate/australia/?page=233'
2026-03-17 17:04:23 [info     ] http_request                   response_time_ms=3195.9 scraper=IDPCourseScraper status_code=200 url='https://www.idp.com/nepal/find-a-course/all-subject/undergraduate/australia/?page=234'
2026-03-17 17:04:24 [info     ] http_request                   response_time_ms=1530.7 scraper=IDPCourseScraper status_code=200 url='https://www.idp.com/nepal/find-a-course/all-subject/undergraduate/australia/?page=235'
2026-03-17 17:04:25 [info     ] http_request                   response_time_ms=1257.6 scraper=IDPCourseScraper status_code=200 url='https://www.idp.com/nepal/find-a-course/all-subject/undergraduate/australia/?page=236'
2026-03-17 17:04:28 [info     ] http_request                   response_time_ms=2820.6 scraper=IDPCourseScraper status_code=200 url='https://www.idp.com/nepal/find-a-course/all-subject/undergraduate/australia/?page=237'
2026-03-17 17:04:30 [info     ] http_request                   response_time_ms=1463.1 scraper=IDPCourseScraper status_code=200 url='https://www.idp.com/nepal/find-a-course/all-subject/undergraduate/australia/?page=238'
2026-03-17 17:04:31 [info     ] http_request                   response_time_ms=1417.2 scraper=IDPCourseScraper status_code=200 url='https://www.idp.com/nepal/find-a-course/all-subject/undergraduate/australia/?page=239'
2026-03-17 17:04:33 [info     ] http_request                   response_time_ms=1747.7 scraper=IDPCourseScraper status_code=200 url='https://www.idp.com/nepal/find-a-course/all-subject/undergraduate/australia/?page=240'
2026-03-17 17:04:34 [info     ] http_request                   response_time_ms=1238.5 scraper=IDPCourseScraper status_code=200 url='https://www.idp.com/nepal/find-a-course/all-subject/undergraduate/australia/?page=241'
2026-03-17 17:04:36 [info     ] http_request                   response_time_ms=1223.0 scraper=IDPCourseScraper status_code=200 url='https://www.idp.com/nepal/find-a-course/all-subject/undergraduate/australia/?page=242'
2026-03-17 17:04:37 [info     ] http_request                   response_time_ms=1394.3 scraper=IDPCourseScraper status_code=200 url='https://www.idp.com/nepal/find-a-course/all-subject/undergraduate/australia/?page=243'
2026-03-17 17:04:39 [info     ] http_request                   response_time_ms=1594.3 scraper=IDPCourseScraper status_code=200 url='https://www.idp.com/nepal/find-a-course/all-subject/undergraduate/australia/?page=244'
2026-03-17 17:04:40 [info     ] http_request                   response_time_ms=1430.4 scraper=IDPCourseScraper status_code=200 url='https://www.idp.com/nepal/find-a-course/all-subject/undergraduate/australia/?page=245'
2026-03-17 17:04:41 [info     ] http_request                   response_time_ms=1257.6 scraper=IDPCourseScraper status_code=200 url='https://www.idp.com/nepal/find-a-course/all-subject/undergraduate/australia/?page=246'
2026-03-17 17:04:43 [info     ] http_request                   response_time_ms=1586.1 scraper=IDPCourseScraper status_code=200 url='https://www.idp.com/nepal/find-a-course/all-subject/undergraduate/australia/?page=247'
2026-03-17 17:04:45 [info     ] http_request                   response_time_ms=1463.5 scraper=IDPCourseScraper status_code=200 url='https://www.idp.com/nepal/find-a-course/all-subject/undergraduate/australia/?page=248'
2026-03-17 17:04:46 [info     ] http_request                   response_time_ms=1186.3 scraper=IDPCourseScraper status_code=200 url='https://www.idp.com/nepal/find-a-course/all-subject/undergraduate/australia/?page=249'
2026-03-17 17:04:46 [info     ] pagination_progress            courses_so_far=2988 page=250 scraper=IDPCourseScraper
2026-03-17 17:04:47 [info     ] http_request                   response_time_ms=1478.5 scraper=IDPCourseScraper status_code=200 url='https://www.idp.com/nepal/find-a-course/all-subject/undergraduate/australia/?page=250'
2026-03-17 17:04:49 [info     ] http_request                   response_time_ms=1340.5 scraper=IDPCourseScraper status_code=200 url='https://www.idp.com/nepal/find-a-course/all-subject/undergraduate/australia/?page=251'
2026-03-17 17:04:50 [info     ] http_request                   response_time_ms=1384.1 scraper=IDPCourseScraper status_code=200 url='https://www.idp.com/nepal/find-a-course/all-subject/undergraduate/australia/?page=252'
2026-03-17 17:04:52 [info     ] http_request                   response_time_ms=1429.5 scraper=IDPCourseScraper status_code=200 url='https://www.idp.com/nepal/find-a-course/all-subject/undergraduate/australia/?page=253'
2026-03-17 17:04:53 [info     ] http_request                   response_time_ms=1744.0 scraper=IDPCourseScraper status_code=200 url='https://www.idp.com/nepal/find-a-course/all-subject/undergraduate/australia/?page=254'
2026-03-17 17:04:55 [info     ] http_request                   response_time_ms=1249.9 scraper=IDPCourseScraper status_code=200 url='https://www.idp.com/nepal/find-a-course/all-subject/undergraduate/australia/?page=255'
2026-03-17 17:04:56 [info     ] http_request                   response_time_ms=1501.2 scraper=IDPCourseScraper status_code=200 url='https://www.idp.com/nepal/find-a-course/all-subject/undergraduate/australia/?page=256'
2026-03-17 17:04:57 [info     ] http_request                   response_time_ms=1072.4 scraper=IDPCourseScraper status_code=200 url='https://www.idp.com/nepal/find-a-course/all-subject/undergraduate/australia/?page=257'
2026-03-17 17:04:59 [info     ] http_request                   response_time_ms=1416.3 scraper=IDPCourseScraper status_code=200 url='https://www.idp.com/nepal/find-a-course/all-subject/undergraduate/australia/?page=258'
2026-03-17 17:05:00 [info     ] http_request                   response_time_ms=1420.8 scraper=IDPCourseScraper status_code=200 url='https://www.idp.com/nepal/find-a-course/all-subject/undergraduate/australia/?page=259'
2026-03-17 17:05:02 [info     ] http_request                   response_time_ms=1469.4 scraper=IDPCourseScraper status_code=200 url='https://www.idp.com/nepal/find-a-course/all-subject/undergraduate/australia/?page=260'
2026-03-17 17:05:03 [info     ] http_request                   response_time_ms=1347.6 scraper=IDPCourseScraper status_code=200 url='https://www.idp.com/nepal/find-a-course/all-subject/undergraduate/australia/?page=261'
2026-03-17 17:05:04 [info     ] http_request                   response_time_ms=1132.9 scraper=IDPCourseScraper status_code=200 url='https://www.idp.com/nepal/find-a-course/all-subject/undergraduate/australia/?page=262'
2026-03-17 17:05:06 [info     ] http_request                   response_time_ms=1266.8 scraper=IDPCourseScraper status_code=200 url='https://www.idp.com/nepal/find-a-course/all-subject/undergraduate/australia/?page=263'
2026-03-17 17:05:07 [info     ] http_request                   response_time_ms=1336.9 scraper=IDPCourseScraper status_code=200 url='https://www.idp.com/nepal/find-a-course/all-subject/undergraduate/australia/?page=264'
2026-03-17 17:05:08 [info     ] http_request                   response_time_ms=1201.9 scraper=IDPCourseScraper status_code=200 url='https://www.idp.com/nepal/find-a-course/all-subject/undergraduate/australia/?page=265'
2026-03-17 17:05:10 [info     ] http_request                   response_time_ms=1268.4 scraper=IDPCourseScraper status_code=200 url='https://www.idp.com/nepal/find-a-course/all-subject/undergraduate/australia/?page=266'
2026-03-17 17:05:11 [info     ] http_request                   response_time_ms=1566.6 scraper=IDPCourseScraper status_code=200 url='https://www.idp.com/nepal/find-a-course/all-subject/undergraduate/australia/?page=267'
2026-03-17 17:05:13 [info     ] http_request                   response_time_ms=1292.3 scraper=IDPCourseScraper status_code=200 url='https://www.idp.com/nepal/find-a-course/all-subject/undergraduate/australia/?page=268'
2026-03-17 17:05:14 [info     ] http_request                   response_time_ms=1205.7 scraper=IDPCourseScraper status_code=200 url='https://www.idp.com/nepal/find-a-course/all-subject/undergraduate/australia/?page=269'
2026-03-17 17:05:15 [info     ] http_request                   response_time_ms=1545.9 scraper=IDPCourseScraper status_code=200 url='https://www.idp.com/nepal/find-a-course/all-subject/undergraduate/australia/?page=270'
2026-03-17 17:05:17 [info     ] http_request                   response_time_ms=1280.8 scraper=IDPCourseScraper status_code=200 url='https://www.idp.com/nepal/find-a-course/all-subject/undergraduate/australia/?page=271'
2026-03-17 17:05:18 [info     ] http_request                   response_time_ms=1423.1 scraper=IDPCourseScraper status_code=200 url='https://www.idp.com/nepal/find-a-course/all-subject/undergraduate/australia/?page=272'
2026-03-17 17:05:20 [info     ] http_request                   response_time_ms=1528.8 scraper=IDPCourseScraper status_code=200 url='https://www.idp.com/nepal/find-a-course/all-subject/undergraduate/australia/?page=273'
2026-03-17 17:05:21 [info     ] http_request                   response_time_ms=1208.9 scraper=IDPCourseScraper status_code=200 url='https://www.idp.com/nepal/find-a-course/all-subject/undergraduate/australia/?page=274'
2026-03-17 17:05:22 [info     ] http_request                   response_time_ms=1269.8 scraper=IDPCourseScraper status_code=200 url='https://www.idp.com/nepal/find-a-course/all-subject/undergraduate/australia/?page=275'
2026-03-17 17:05:24 [info     ] http_request                   response_time_ms=1347.5 scraper=IDPCourseScraper status_code=200 url='https://www.idp.com/nepal/find-a-course/all-subject/undergraduate/australia/?page=276'
2026-03-17 17:05:25 [info     ] http_request                   response_time_ms=1194.2 scraper=IDPCourseScraper status_code=200 url='https://www.idp.com/nepal/find-a-course/all-subject/undergraduate/australia/?page=277'
2026-03-17 17:05:26 [info     ] http_request                   response_time_ms=1300.0 scraper=IDPCourseScraper status_code=200 url='https://www.idp.com/nepal/find-a-course/all-subject/undergraduate/australia/?page=278'
2026-03-17 17:05:28 [info     ] http_request                   response_time_ms=1476.7 scraper=IDPCourseScraper status_code=200 url='https://www.idp.com/nepal/find-a-course/all-subject/undergraduate/australia/?page=279'
2026-03-17 17:05:29 [info     ] http_request                   response_time_ms=1326.8 scraper=IDPCourseScraper status_code=200 url='https://www.idp.com/nepal/find-a-course/all-subject/undergraduate/australia/?page=280'
2026-03-17 17:05:30 [info     ] http_request                   response_time_ms=1178.0 scraper=IDPCourseScraper status_code=200 url='https://www.idp.com/nepal/find-a-course/all-subject/undergraduate/australia/?page=281'
2026-03-17 17:05:32 [info     ] http_request                   response_time_ms=1225.9 scraper=IDPCourseScraper status_code=200 url='https://www.idp.com/nepal/find-a-course/all-subject/undergraduate/australia/?page=282'
2026-03-17 17:05:33 [info     ] http_request                   response_time_ms=1355.1 scraper=IDPCourseScraper status_code=200 url='https://www.idp.com/nepal/find-a-course/all-subject/undergraduate/australia/?page=283'
2026-03-17 17:05:35 [info     ] http_request                   response_time_ms=1659.7 scraper=IDPCourseScraper status_code=200 url='https://www.idp.com/nepal/find-a-course/all-subject/undergraduate/australia/?page=284'
2026-03-17 17:05:36 [info     ] http_request                   response_time_ms=1668.5 scraper=IDPCourseScraper status_code=200 url='https://www.idp.com/nepal/find-a-course/all-subject/undergraduate/australia/?page=285'
2026-03-17 17:05:38 [info     ] http_request                   response_time_ms=1233.2 scraper=IDPCourseScraper status_code=200 url='https://www.idp.com/nepal/find-a-course/all-subject/undergraduate/australia/?page=286'
2026-03-17 17:05:39 [info     ] http_request                   response_time_ms=1279.4 scraper=IDPCourseScraper status_code=200 url='https://www.idp.com/nepal/find-a-course/all-subject/undergraduate/australia/?page=287'
2026-03-17 17:05:41 [info     ] http_request                   response_time_ms=1383.2 scraper=IDPCourseScraper status_code=200 url='https://www.idp.com/nepal/find-a-course/all-subject/undergraduate/australia/?page=288'
2026-03-17 17:05:42 [info     ] http_request                   response_time_ms=1178.1 scraper=IDPCourseScraper status_code=200 url='https://www.idp.com/nepal/find-a-course/all-subject/undergraduate/australia/?page=289'
2026-03-17 17:05:43 [info     ] http_request                   response_time_ms=1428.8 scraper=IDPCourseScraper status_code=200 url='https://www.idp.com/nepal/find-a-course/all-subject/undergraduate/australia/?page=290'
2026-03-17 17:05:45 [info     ] http_request                   response_time_ms=1456.0 scraper=IDPCourseScraper status_code=200 url='https://www.idp.com/nepal/find-a-course/all-subject/undergraduate/australia/?page=291'
2026-03-17 17:05:46 [info     ] http_request                   response_time_ms=1372.7 scraper=IDPCourseScraper status_code=200 url='https://www.idp.com/nepal/find-a-course/all-subject/undergraduate/australia/?page=292'
2026-03-17 17:05:48 [info     ] http_request                   response_time_ms=1349.9 scraper=IDPCourseScraper status_code=200 url='https://www.idp.com/nepal/find-a-course/all-subject/undergraduate/australia/?page=293'
2026-03-17 17:05:49 [info     ] http_request                   response_time_ms=1297.0 scraper=IDPCourseScraper status_code=200 url='https://www.idp.com/nepal/find-a-course/all-subject/undergraduate/australia/?page=294'
2026-03-17 17:05:50 [info     ] http_request                   response_time_ms=1296.5 scraper=IDPCourseScraper status_code=200 url='https://www.idp.com/nepal/find-a-course/all-subject/undergraduate/australia/?page=295'
2026-03-17 17:05:52 [info     ] http_request                   response_time_ms=1834.3 scraper=IDPCourseScraper status_code=200 url='https://www.idp.com/nepal/find-a-course/all-subject/undergraduate/australia/?page=296'
2026-03-17 17:05:54 [info     ] http_request                   response_time_ms=1794.4 scraper=IDPCourseScraper status_code=200 url='https://www.idp.com/nepal/find-a-course/all-subject/undergraduate/australia/?page=297'
2026-03-17 17:05:55 [info     ] http_request                   response_time_ms=1247.7 scraper=IDPCourseScraper status_code=200 url='https://www.idp.com/nepal/find-a-course/all-subject/undergraduate/australia/?page=298'
2026-03-17 17:05:57 [info     ] http_request                   response_time_ms=1287.6 scraper=IDPCourseScraper status_code=200 url='https://www.idp.com/nepal/find-a-course/all-subject/undergraduate/australia/?page=299'
2026-03-17 17:05:57 [info     ] pagination_progress            courses_so_far=3588 page=300 scraper=IDPCourseScraper
2026-03-17 17:05:58 [info     ] http_request                   response_time_ms=1534.0 scraper=IDPCourseScraper status_code=200 url='https://www.idp.com/nepal/find-a-course/all-subject/undergraduate/australia/?page=300'
2026-03-17 17:06:00 [info     ] http_request                   response_time_ms=1406.5 scraper=IDPCourseScraper status_code=200 url='https://www.idp.com/nepal/find-a-course/all-subject/undergraduate/australia/?page=301'
2026-03-17 17:06:01 [info     ] http_request                   response_time_ms=1412.4 scraper=IDPCourseScraper status_code=200 url='https://www.idp.com/nepal/find-a-course/all-subject/undergraduate/australia/?page=302'
2026-03-17 17:06:02 [info     ] http_request                   response_time_ms=1247.1 scraper=IDPCourseScraper status_code=200 url='https://www.idp.com/nepal/find-a-course/all-subject/undergraduate/australia/?page=303'
2026-03-17 17:06:04 [info     ] http_request                   response_time_ms=1435.6 scraper=IDPCourseScraper status_code=200 url='https://www.idp.com/nepal/find-a-course/all-subject/undergraduate/australia/?page=304'
2026-03-17 17:06:05 [info     ] http_request                   response_time_ms=1312.4 scraper=IDPCourseScraper status_code=200 url='https://www.idp.com/nepal/find-a-course/all-subject/undergraduate/australia/?page=305'
2026-03-17 17:06:07 [info     ] http_request                   response_time_ms=1342.3 scraper=IDPCourseScraper status_code=200 url='https://www.idp.com/nepal/find-a-course/all-subject/undergraduate/australia/?page=306'
2026-03-17 17:06:08 [info     ] http_request                   response_time_ms=1362.7 scraper=IDPCourseScraper status_code=200 url='https://www.idp.com/nepal/find-a-course/all-subject/undergraduate/australia/?page=307'
2026-03-17 17:06:09 [info     ] http_request                   response_time_ms=1282.5 scraper=IDPCourseScraper status_code=200 url='https://www.idp.com/nepal/find-a-course/all-subject/undergraduate/australia/?page=308'
2026-03-17 17:06:11 [info     ] http_request                   response_time_ms=1256.1 scraper=IDPCourseScraper status_code=200 url='https://www.idp.com/nepal/find-a-course/all-subject/undergraduate/australia/?page=309'
2026-03-17 17:06:12 [info     ] http_request                   response_time_ms=1246.9 scraper=IDPCourseScraper status_code=200 url='https://www.idp.com/nepal/find-a-course/all-subject/undergraduate/australia/?page=310'
2026-03-17 17:06:13 [info     ] http_request                   response_time_ms=1228.4 scraper=IDPCourseScraper status_code=200 url='https://www.idp.com/nepal/find-a-course/all-subject/undergraduate/australia/?page=311'
2026-03-17 17:06:14 [info     ] http_request                   response_time_ms=1251.8 scraper=IDPCourseScraper status_code=200 url='https://www.idp.com/nepal/find-a-course/all-subject/undergraduate/australia/?page=312'
2026-03-17 17:06:16 [info     ] http_request                   response_time_ms=1292.1 scraper=IDPCourseScraper status_code=200 url='https://www.idp.com/nepal/find-a-course/all-subject/undergraduate/australia/?page=313'
2026-03-17 17:06:17 [info     ] http_request                   response_time_ms=1586.5 scraper=IDPCourseScraper status_code=200 url='https://www.idp.com/nepal/find-a-course/all-subject/undergraduate/australia/?page=314'
2026-03-17 17:06:19 [info     ] http_request                   response_time_ms=1279.6 scraper=IDPCourseScraper status_code=200 url='https://www.idp.com/nepal/find-a-course/all-subject/undergraduate/australia/?page=315'
2026-03-17 17:06:20 [info     ] http_request                   response_time_ms=1299.8 scraper=IDPCourseScraper status_code=200 url='https://www.idp.com/nepal/find-a-course/all-subject/undergraduate/australia/?page=316'
2026-03-17 17:06:22 [info     ] http_request                   response_time_ms=1460.5 scraper=IDPCourseScraper status_code=200 url='https://www.idp.com/nepal/find-a-course/all-subject/undergraduate/australia/?page=317'
2026-03-17 17:06:23 [info     ] http_request                   response_time_ms=1325.7 scraper=IDPCourseScraper status_code=200 url='https://www.idp.com/nepal/find-a-course/all-subject/undergraduate/australia/?page=318'
2026-03-17 17:06:25 [info     ] http_request                   response_time_ms=1555.9 scraper=IDPCourseScraper status_code=200 url='https://www.idp.com/nepal/find-a-course/all-subject/undergraduate/australia/?page=319'
2026-03-17 17:06:26 [info     ] http_request                   response_time_ms=1494.2 scraper=IDPCourseScraper status_code=200 url='https://www.idp.com/nepal/find-a-course/all-subject/undergraduate/australia/?page=320'
2026-03-17 17:06:27 [info     ] http_request                   response_time_ms=1218.0 scraper=IDPCourseScraper status_code=200 url='https://www.idp.com/nepal/find-a-course/all-subject/undergraduate/australia/?page=321'
2026-03-17 17:06:29 [info     ] http_request                   response_time_ms=1558.8 scraper=IDPCourseScraper status_code=200 url='https://www.idp.com/nepal/find-a-course/all-subject/undergraduate/australia/?page=322'
2026-03-17 17:06:30 [info     ] http_request                   response_time_ms=963.2 scraper=IDPCourseScraper status_code=200 url='https://www.idp.com/nepal/find-a-course/all-subject/undergraduate/australia/?page=323'
2026-03-17 17:06:31 [info     ] http_request                   response_time_ms=1243.6 scraper=IDPCourseScraper status_code=200 url='https://www.idp.com/nepal/find-a-course/all-subject/undergraduate/australia/?page=324'
2026-03-17 17:06:33 [info     ] http_request                   response_time_ms=1291.2 scraper=IDPCourseScraper status_code=200 url='https://www.idp.com/nepal/find-a-course/all-subject/undergraduate/australia/?page=325'
2026-03-17 17:06:34 [info     ] http_request                   response_time_ms=1197.6 scraper=IDPCourseScraper status_code=200 url='https://www.idp.com/nepal/find-a-course/all-subject/undergraduate/australia/?page=326'
2026-03-17 17:06:35 [info     ] http_request                   response_time_ms=1489.9 scraper=IDPCourseScraper status_code=200 url='https://www.idp.com/nepal/find-a-course/all-subject/undergraduate/australia/?page=327'
2026-03-17 17:06:37 [info     ] http_request                   response_time_ms=1365.6 scraper=IDPCourseScraper status_code=200 url='https://www.idp.com/nepal/find-a-course/all-subject/undergraduate/australia/?page=328'
2026-03-17 17:06:38 [info     ] http_request                   response_time_ms=1216.0 scraper=IDPCourseScraper status_code=200 url='https://www.idp.com/nepal/find-a-course/all-subject/undergraduate/australia/?page=329'
2026-03-17 17:06:39 [info     ] http_request                   response_time_ms=1326.5 scraper=IDPCourseScraper status_code=200 url='https://www.idp.com/nepal/find-a-course/all-subject/undergraduate/australia/?page=330'
2026-03-17 17:06:41 [info     ] http_request                   response_time_ms=1254.1 scraper=IDPCourseScraper status_code=200 url='https://www.idp.com/nepal/find-a-course/all-subject/undergraduate/australia/?page=331'
2026-03-17 17:06:42 [info     ] http_request                   response_time_ms=1249.3 scraper=IDPCourseScraper status_code=200 url='https://www.idp.com/nepal/find-a-course/all-subject/undergraduate/australia/?page=332'
2026-03-17 17:06:43 [info     ] http_request                   response_time_ms=1276.3 scraper=IDPCourseScraper status_code=200 url='https://www.idp.com/nepal/find-a-course/all-subject/undergraduate/australia/?page=333'
2026-03-17 17:06:45 [info     ] http_request                   response_time_ms=1275.6 scraper=IDPCourseScraper status_code=200 url='https://www.idp.com/nepal/find-a-course/all-subject/undergraduate/australia/?page=334'
2026-03-17 17:06:46 [info     ] http_request                   response_time_ms=1520.7 scraper=IDPCourseScraper status_code=200 url='https://www.idp.com/nepal/find-a-course/all-subject/undergraduate/australia/?page=335'
2026-03-17 17:06:48 [info     ] http_request                   response_time_ms=1294.0 scraper=IDPCourseScraper status_code=200 url='https://www.idp.com/nepal/find-a-course/all-subject/undergraduate/australia/?page=336'
2026-03-17 17:06:49 [info     ] http_request                   response_time_ms=970.1 scraper=IDPCourseScraper status_code=200 url='https://www.idp.com/nepal/find-a-course/all-subject/undergraduate/australia/?page=337'
2026-03-17 17:06:50 [info     ] http_request                   response_time_ms=1767.6 scraper=IDPCourseScraper status_code=200 url='https://www.idp.com/nepal/find-a-course/all-subject/undergraduate/australia/?page=338'
2026-03-17 17:06:51 [info     ] http_request                   response_time_ms=867.7 scraper=IDPCourseScraper status_code=200 url='https://www.idp.com/nepal/find-a-course/all-subject/undergraduate/australia/?page=339'
2026-03-17 17:06:53 [info     ] http_request                   response_time_ms=1320.6 scraper=IDPCourseScraper status_code=200 url='https://www.idp.com/nepal/find-a-course/all-subject/undergraduate/australia/?page=340'
2026-03-17 17:06:54 [info     ] http_request                   response_time_ms=1228.2 scraper=IDPCourseScraper status_code=200 url='https://www.idp.com/nepal/find-a-course/all-subject/undergraduate/australia/?page=341'
2026-03-17 17:06:55 [info     ] http_request                   response_time_ms=1490.0 scraper=IDPCourseScraper status_code=200 url='https://www.idp.com/nepal/find-a-course/all-subject/undergraduate/australia/?page=342'
2026-03-17 17:06:57 [info     ] http_request                   response_time_ms=1657.1 scraper=IDPCourseScraper status_code=200 url='https://www.idp.com/nepal/find-a-course/all-subject/undergraduate/australia/?page=343'
2026-03-17 17:06:59 [info     ] http_request                   response_time_ms=1374.6 scraper=IDPCourseScraper status_code=200 url='https://www.idp.com/nepal/find-a-course/all-subject/undergraduate/australia/?page=344'
2026-03-17 17:07:01 [info     ] http_request                   response_time_ms=2096.0 scraper=IDPCourseScraper status_code=200 url='https://www.idp.com/nepal/find-a-course/all-subject/undergraduate/australia/?page=345'
2026-03-17 17:07:02 [info     ] http_request                   response_time_ms=1403.1 scraper=IDPCourseScraper status_code=200 url='https://www.idp.com/nepal/find-a-course/all-subject/undergraduate/australia/?page=346'
2026-03-17 17:07:04 [info     ] http_request                   response_time_ms=1443.3 scraper=IDPCourseScraper status_code=200 url='https://www.idp.com/nepal/find-a-course/all-subject/undergraduate/australia/?page=347'
2026-03-17 17:07:05 [info     ] http_request                   response_time_ms=1260.1 scraper=IDPCourseScraper status_code=200 url='https://www.idp.com/nepal/find-a-course/all-subject/undergraduate/australia/?page=348'
2026-03-17 17:07:06 [info     ] http_request                   response_time_ms=1268.4 scraper=IDPCourseScraper status_code=200 url='https://www.idp.com/nepal/find-a-course/all-subject/undergraduate/australia/?page=349'
2026-03-17 17:07:06 [info     ] pagination_progress            courses_so_far=4188 page=350 scraper=IDPCourseScraper
2026-03-17 17:07:08 [info     ] http_request                   response_time_ms=1318.8 scraper=IDPCourseScraper status_code=200 url='https://www.idp.com/nepal/find-a-course/all-subject/undergraduate/australia/?page=350'
2026-03-17 17:07:09 [info     ] http_request                   response_time_ms=1509.7 scraper=IDPCourseScraper status_code=200 url='https://www.idp.com/nepal/find-a-course/all-subject/undergraduate/australia/?page=351'
2026-03-17 17:07:11 [info     ] http_request                   response_time_ms=1327.1 scraper=IDPCourseScraper status_code=200 url='https://www.idp.com/nepal/find-a-course/all-subject/undergraduate/australia/?page=352'
2026-03-17 17:07:12 [info     ] http_request                   response_time_ms=1234.9 scraper=IDPCourseScraper status_code=200 url='https://www.idp.com/nepal/find-a-course/all-subject/undergraduate/australia/?page=353'
2026-03-17 17:07:13 [info     ] http_request                   response_time_ms=1250.4 scraper=IDPCourseScraper status_code=200 url='https://www.idp.com/nepal/find-a-course/all-subject/undergraduate/australia/?page=354'
2026-03-17 17:07:15 [info     ] http_request                   response_time_ms=1569.1 scraper=IDPCourseScraper status_code=200 url='https://www.idp.com/nepal/find-a-course/all-subject/undergraduate/australia/?page=355'
2026-03-17 17:07:16 [info     ] http_request                   response_time_ms=1391.0 scraper=IDPCourseScraper status_code=200 url='https://www.idp.com/nepal/find-a-course/all-subject/undergraduate/australia/?page=356'
2026-03-17 17:07:18 [info     ] http_request                   response_time_ms=1330.5 scraper=IDPCourseScraper status_code=200 url='https://www.idp.com/nepal/find-a-course/all-subject/undergraduate/australia/?page=357'
2026-03-17 17:07:19 [info     ] http_request                   response_time_ms=1415.0 scraper=IDPCourseScraper status_code=200 url='https://www.idp.com/nepal/find-a-course/all-subject/undergraduate/australia/?page=358'
2026-03-17 17:07:21 [info     ] http_request                   response_time_ms=1515.6 scraper=IDPCourseScraper status_code=200 url='https://www.idp.com/nepal/find-a-course/all-subject/undergraduate/australia/?page=359'
2026-03-17 17:07:22 [info     ] http_request                   response_time_ms=1227.8 scraper=IDPCourseScraper status_code=200 url='https://www.idp.com/nepal/find-a-course/all-subject/undergraduate/australia/?page=360'
2026-03-17 17:07:23 [info     ] http_request                   response_time_ms=1246.7 scraper=IDPCourseScraper status_code=200 url='https://www.idp.com/nepal/find-a-course/all-subject/undergraduate/australia/?page=361'
2026-03-17 17:07:24 [info     ] http_request                   response_time_ms=1246.4 scraper=IDPCourseScraper status_code=200 url='https://www.idp.com/nepal/find-a-course/all-subject/undergraduate/australia/?page=362'
2026-03-17 17:07:26 [info     ] http_request                   response_time_ms=1239.0 scraper=IDPCourseScraper status_code=200 url='https://www.idp.com/nepal/find-a-course/all-subject/undergraduate/australia/?page=363'
2026-03-17 17:07:27 [info     ] http_request                   response_time_ms=1575.2 scraper=IDPCourseScraper status_code=200 url='https://www.idp.com/nepal/find-a-course/all-subject/undergraduate/australia/?page=364'
2026-03-17 17:07:29 [info     ] http_request                   response_time_ms=1429.2 scraper=IDPCourseScraper status_code=200 url='https://www.idp.com/nepal/find-a-course/all-subject/undergraduate/australia/?page=365'
2026-03-17 17:07:30 [info     ] http_request                   response_time_ms=1243.6 scraper=IDPCourseScraper status_code=200 url='https://www.idp.com/nepal/find-a-course/all-subject/undergraduate/australia/?page=366'
2026-03-17 17:07:31 [info     ] http_request                   response_time_ms=1187.5 scraper=IDPCourseScraper status_code=200 url='https://www.idp.com/nepal/find-a-course/all-subject/undergraduate/australia/?page=367'
2026-03-17 17:07:33 [info     ] http_request                   response_time_ms=1546.6 scraper=IDPCourseScraper status_code=200 url='https://www.idp.com/nepal/find-a-course/all-subject/undergraduate/australia/?page=368'
2026-03-17 17:07:34 [info     ] http_request                   response_time_ms=1442.2 scraper=IDPCourseScraper status_code=200 url='https://www.idp.com/nepal/find-a-course/all-subject/undergraduate/australia/?page=369'
2026-03-17 17:07:36 [info     ] http_request                   response_time_ms=1250.0 scraper=IDPCourseScraper status_code=200 url='https://www.idp.com/nepal/find-a-course/all-subject/undergraduate/australia/?page=370'
2026-03-17 17:07:37 [info     ] http_request                   response_time_ms=1431.4 scraper=IDPCourseScraper status_code=200 url='https://www.idp.com/nepal/find-a-course/all-subject/undergraduate/australia/?page=371'
2026-03-17 17:07:38 [info     ] http_request                   response_time_ms=1213.2 scraper=IDPCourseScraper status_code=200 url='https://www.idp.com/nepal/find-a-course/all-subject/undergraduate/australia/?page=372'
2026-03-17 17:07:40 [info     ] http_request                   response_time_ms=1272.2 scraper=IDPCourseScraper status_code=200 url='https://www.idp.com/nepal/find-a-course/all-subject/undergraduate/australia/?page=373'
2026-03-17 17:07:41 [info     ] http_request                   response_time_ms=1320.7 scraper=IDPCourseScraper status_code=200 url='https://www.idp.com/nepal/find-a-course/all-subject/undergraduate/australia/?page=374'
2026-03-17 17:07:42 [info     ] http_request                   response_time_ms=1217.9 scraper=IDPCourseScraper status_code=200 url='https://www.idp.com/nepal/find-a-course/all-subject/undergraduate/australia/?page=375'
2026-03-17 17:07:44 [info     ] http_request                   response_time_ms=1452.5 scraper=IDPCourseScraper status_code=200 url='https://www.idp.com/nepal/find-a-course/all-subject/undergraduate/australia/?page=376'
2026-03-17 17:07:45 [info     ] http_request                   response_time_ms=1345.5 scraper=IDPCourseScraper status_code=200 url='https://www.idp.com/nepal/find-a-course/all-subject/undergraduate/australia/?page=377'
2026-03-17 17:07:47 [info     ] http_request                   response_time_ms=1342.3 scraper=IDPCourseScraper status_code=200 url='https://www.idp.com/nepal/find-a-course/all-subject/undergraduate/australia/?page=378'
2026-03-17 17:07:48 [info     ] http_request                   response_time_ms=1302.8 scraper=IDPCourseScraper status_code=200 url='https://www.idp.com/nepal/find-a-course/all-subject/undergraduate/australia/?page=379'
2026-03-17 17:07:49 [info     ] http_request                   response_time_ms=1407.9 scraper=IDPCourseScraper status_code=200 url='https://www.idp.com/nepal/find-a-course/all-subject/undergraduate/australia/?page=380'
2026-03-17 17:07:51 [info     ] http_request                   response_time_ms=1604.4 scraper=IDPCourseScraper status_code=200 url='https://www.idp.com/nepal/find-a-course/all-subject/undergraduate/australia/?page=381'
2026-03-17 17:07:52 [info     ] http_request                   response_time_ms=1264.0 scraper=IDPCourseScraper status_code=200 url='https://www.idp.com/nepal/find-a-course/all-subject/undergraduate/australia/?page=382'
2026-03-17 17:07:53 [info     ] http_request                   response_time_ms=864.6 scraper=IDPCourseScraper status_code=200 url='https://www.idp.com/nepal/find-a-course/all-subject/undergraduate/australia/?page=383'
2026-03-17 17:07:55 [info     ] http_request                   response_time_ms=1257.7 scraper=IDPCourseScraper status_code=200 url='https://www.idp.com/nepal/find-a-course/all-subject/undergraduate/australia/?page=384'
2026-03-17 17:07:56 [info     ] http_request                   response_time_ms=1205.3 scraper=IDPCourseScraper status_code=200 url='https://www.idp.com/nepal/find-a-course/all-subject/undergraduate/australia/?page=385'
2026-03-17 17:07:57 [info     ] http_request                   response_time_ms=1381.2 scraper=IDPCourseScraper status_code=200 url='https://www.idp.com/nepal/find-a-course/all-subject/undergraduate/australia/?page=386'
2026-03-17 17:07:59 [info     ] http_request                   response_time_ms=1161.3 scraper=IDPCourseScraper status_code=200 url='https://www.idp.com/nepal/find-a-course/all-subject/undergraduate/australia/?page=387'
2026-03-17 17:08:00 [info     ] http_request                   response_time_ms=1164.1 scraper=IDPCourseScraper status_code=200 url='https://www.idp.com/nepal/find-a-course/all-subject/undergraduate/australia/?page=388'
2026-03-17 17:08:01 [info     ] http_request                   response_time_ms=1255.3 scraper=IDPCourseScraper status_code=200 url='https://www.idp.com/nepal/find-a-course/all-subject/undergraduate/australia/?page=389'
2026-03-17 17:08:02 [info     ] http_request                   response_time_ms=1268.8 scraper=IDPCourseScraper status_code=200 url='https://www.idp.com/nepal/find-a-course/all-subject/undergraduate/australia/?page=390'
2026-03-17 17:08:04 [info     ] http_request                   response_time_ms=1271.0 scraper=IDPCourseScraper status_code=200 url='https://www.idp.com/nepal/find-a-course/all-subject/undergraduate/australia/?page=391'
2026-03-17 17:08:05 [info     ] http_request                   response_time_ms=914.8 scraper=IDPCourseScraper status_code=200 url='https://www.idp.com/nepal/find-a-course/all-subject/undergraduate/australia/?page=392'
2026-03-17 17:08:06 [info     ] http_request                   response_time_ms=1351.4 scraper=IDPCourseScraper status_code=200 url='https://www.idp.com/nepal/find-a-course/all-subject/undergraduate/australia/?page=393'
2026-03-17 17:08:08 [info     ] http_request                   response_time_ms=1395.9 scraper=IDPCourseScraper status_code=200 url='https://www.idp.com/nepal/find-a-course/all-subject/undergraduate/australia/?page=394'
2026-03-17 17:08:09 [info     ] http_request                   response_time_ms=1216.0 scraper=IDPCourseScraper status_code=200 url='https://www.idp.com/nepal/find-a-course/all-subject/undergraduate/australia/?page=395'
2026-03-17 17:08:10 [info     ] http_request                   response_time_ms=1225.9 scraper=IDPCourseScraper status_code=200 url='https://www.idp.com/nepal/find-a-course/all-subject/undergraduate/australia/?page=396'
2026-03-17 17:08:11 [info     ] http_request                   response_time_ms=1220.3 scraper=IDPCourseScraper status_code=200 url='https://www.idp.com/nepal/find-a-course/all-subject/undergraduate/australia/?page=397'
2026-03-17 17:08:13 [info     ] http_request                   response_time_ms=1261.0 scraper=IDPCourseScraper status_code=200 url='https://www.idp.com/nepal/find-a-course/all-subject/undergraduate/australia/?page=398'
2026-03-17 17:08:14 [info     ] http_request                   response_time_ms=1191.5 scraper=IDPCourseScraper status_code=200 url='https://www.idp.com/nepal/find-a-course/all-subject/undergraduate/australia/?page=399'
2026-03-17 17:08:14 [info     ] pagination_progress            courses_so_far=4788 page=400 scraper=IDPCourseScraper
2026-03-17 17:08:15 [info     ] http_request                   response_time_ms=1385.8 scraper=IDPCourseScraper status_code=200 url='https://www.idp.com/nepal/find-a-course/all-subject/undergraduate/australia/?page=400'
2026-03-17 17:08:17 [info     ] http_request                   response_time_ms=1395.0 scraper=IDPCourseScraper status_code=200 url='https://www.idp.com/nepal/find-a-course/all-subject/undergraduate/australia/?page=401'
2026-03-17 17:08:18 [info     ] http_request                   response_time_ms=1285.1 scraper=IDPCourseScraper status_code=200 url='https://www.idp.com/nepal/find-a-course/all-subject/undergraduate/australia/?page=402'
2026-03-17 17:08:19 [info     ] http_request                   response_time_ms=1387.9 scraper=IDPCourseScraper status_code=200 url='https://www.idp.com/nepal/find-a-course/all-subject/undergraduate/australia/?page=403'
2026-03-17 17:08:21 [info     ] http_request                   response_time_ms=1584.6 scraper=IDPCourseScraper status_code=200 url='https://www.idp.com/nepal/find-a-course/all-subject/undergraduate/australia/?page=404'
2026-03-17 17:08:22 [info     ] http_request                   response_time_ms=917.7 scraper=IDPCourseScraper status_code=200 url='https://www.idp.com/nepal/find-a-course/all-subject/undergraduate/australia/?page=405'
2026-03-17 17:08:23 [info     ] http_request                   response_time_ms=1174.5 scraper=IDPCourseScraper status_code=200 url='https://www.idp.com/nepal/find-a-course/all-subject/undergraduate/australia/?page=406'
2026-03-17 17:08:25 [info     ] http_request                   response_time_ms=1243.1 scraper=IDPCourseScraper status_code=200 url='https://www.idp.com/nepal/find-a-course/all-subject/undergraduate/australia/?page=407'
2026-03-17 17:08:26 [info     ] http_request                   response_time_ms=1463.8 scraper=IDPCourseScraper status_code=200 url='https://www.idp.com/nepal/find-a-course/all-subject/undergraduate/australia/?page=408'
2026-03-17 17:08:28 [info     ] http_request                   response_time_ms=1429.5 scraper=IDPCourseScraper status_code=200 url='https://www.idp.com/nepal/find-a-course/all-subject/undergraduate/australia/?page=409'
2026-03-17 17:08:29 [info     ] http_request                   response_time_ms=1181.0 scraper=IDPCourseScraper status_code=200 url='https://www.idp.com/nepal/find-a-course/all-subject/undergraduate/australia/?page=410'
2026-03-17 17:08:31 [info     ] http_request                   response_time_ms=1774.8 scraper=IDPCourseScraper status_code=200 url='https://www.idp.com/nepal/find-a-course/all-subject/undergraduate/australia/?page=411'
2026-03-17 17:08:32 [info     ] http_request                   response_time_ms=1338.9 scraper=IDPCourseScraper status_code=200 url='https://www.idp.com/nepal/find-a-course/all-subject/undergraduate/australia/?page=412'
2026-03-17 17:08:33 [info     ] http_request                   response_time_ms=1289.4 scraper=IDPCourseScraper status_code=200 url='https://www.idp.com/nepal/find-a-course/all-subject/undergraduate/australia/?page=413'
2026-03-17 17:08:35 [info     ] http_request                   response_time_ms=1174.8 scraper=IDPCourseScraper status_code=200 url='https://www.idp.com/nepal/find-a-course/all-subject/undergraduate/australia/?page=414'
2026-03-17 17:08:36 [info     ] http_request                   response_time_ms=1428.0 scraper=IDPCourseScraper status_code=200 url='https://www.idp.com/nepal/find-a-course/all-subject/undergraduate/australia/?page=415'
2026-03-17 17:08:37 [info     ] http_request                   response_time_ms=906.4 scraper=IDPCourseScraper status_code=200 url='https://www.idp.com/nepal/find-a-course/all-subject/undergraduate/australia/?page=416'
2026-03-17 17:08:38 [info     ] http_request                   response_time_ms=1316.6 scraper=IDPCourseScraper status_code=200 url='https://www.idp.com/nepal/find-a-course/all-subject/undergraduate/australia/?page=417'
2026-03-17 17:08:40 [info     ] http_request                   response_time_ms=1394.7 scraper=IDPCourseScraper status_code=200 url='https://www.idp.com/nepal/find-a-course/all-subject/undergraduate/australia/?page=418'
2026-03-17 17:08:41 [info     ] http_request                   response_time_ms=1412.1 scraper=IDPCourseScraper status_code=200 url='https://www.idp.com/nepal/find-a-course/all-subject/undergraduate/australia/?page=419'
2026-03-17 17:08:43 [info     ] http_request                   response_time_ms=1705.8 scraper=IDPCourseScraper status_code=200 url='https://www.idp.com/nepal/find-a-course/all-subject/undergraduate/australia/?page=420'
2026-03-17 17:08:44 [info     ] http_request                   response_time_ms=1324.3 scraper=IDPCourseScraper status_code=200 url='https://www.idp.com/nepal/find-a-course/all-subject/undergraduate/australia/?page=421'
2026-03-17 17:08:46 [info     ] http_request                   response_time_ms=1228.7 scraper=IDPCourseScraper status_code=200 url='https://www.idp.com/nepal/find-a-course/all-subject/undergraduate/australia/?page=422'
2026-03-17 17:08:47 [info     ] http_request                   response_time_ms=1464.3 scraper=IDPCourseScraper status_code=200 url='https://www.idp.com/nepal/find-a-course/all-subject/undergraduate/australia/?page=423'
2026-03-17 17:08:49 [info     ] http_request                   response_time_ms=1332.4 scraper=IDPCourseScraper status_code=200 url='https://www.idp.com/nepal/find-a-course/all-subject/undergraduate/australia/?page=424'
2026-03-17 17:08:50 [info     ] http_request                   response_time_ms=1212.1 scraper=IDPCourseScraper status_code=200 url='https://www.idp.com/nepal/find-a-course/all-subject/undergraduate/australia/?page=425'
2026-03-17 17:08:51 [info     ] http_request                   response_time_ms=1549.4 scraper=IDPCourseScraper status_code=200 url='https://www.idp.com/nepal/find-a-course/all-subject/undergraduate/australia/?page=426'
2026-03-17 17:08:53 [info     ] http_request                   response_time_ms=1336.7 scraper=IDPCourseScraper status_code=200 url='https://www.idp.com/nepal/find-a-course/all-subject/undergraduate/australia/?page=427'
2026-03-17 17:08:54 [info     ] http_request                   response_time_ms=1384.1 scraper=IDPCourseScraper status_code=200 url='https://www.idp.com/nepal/find-a-course/all-subject/undergraduate/australia/?page=428'
2026-03-17 17:08:56 [info     ] http_request                   response_time_ms=1310.1 scraper=IDPCourseScraper status_code=200 url='https://www.idp.com/nepal/find-a-course/all-subject/undergraduate/australia/?page=429'
2026-03-17 17:08:57 [info     ] http_request                   response_time_ms=1227.9 scraper=IDPCourseScraper status_code=200 url='https://www.idp.com/nepal/find-a-course/all-subject/undergraduate/australia/?page=430'
2026-03-17 17:08:58 [info     ] http_request                   response_time_ms=886.4 scraper=IDPCourseScraper status_code=200 url='https://www.idp.com/nepal/find-a-course/all-subject/undergraduate/australia/?page=431'
2026-03-17 17:08:59 [info     ] http_request                   response_time_ms=941.8 scraper=IDPCourseScraper status_code=200 url='https://www.idp.com/nepal/find-a-course/all-subject/undergraduate/australia/?page=432'
2026-03-17 17:09:00 [info     ] http_request                   response_time_ms=1527.6 scraper=IDPCourseScraper status_code=200 url='https://www.idp.com/nepal/find-a-course/all-subject/undergraduate/australia/?page=433'
2026-03-17 17:09:02 [info     ] http_request                   response_time_ms=1834.2 scraper=IDPCourseScraper status_code=200 url='https://www.idp.com/nepal/find-a-course/all-subject/undergraduate/australia/?page=434'
2026-03-17 17:09:04 [info     ] http_request                   response_time_ms=1433.7 scraper=IDPCourseScraper status_code=200 url='https://www.idp.com/nepal/find-a-course/all-subject/undergraduate/australia/?page=435'
2026-03-17 17:09:05 [info     ] http_request                   response_time_ms=1431.1 scraper=IDPCourseScraper status_code=200 url='https://www.idp.com/nepal/find-a-course/all-subject/undergraduate/australia/?page=436'
2026-03-17 17:09:07 [info     ] http_request                   response_time_ms=1255.1 scraper=IDPCourseScraper status_code=200 url='https://www.idp.com/nepal/find-a-course/all-subject/undergraduate/australia/?page=437'
2026-03-17 17:09:08 [info     ] http_request                   response_time_ms=1246.2 scraper=IDPCourseScraper status_code=200 url='https://www.idp.com/nepal/find-a-course/all-subject/undergraduate/australia/?page=438'
2026-03-17 17:09:09 [info     ] http_request                   response_time_ms=1228.3 scraper=IDPCourseScraper status_code=200 url='https://www.idp.com/nepal/find-a-course/all-subject/undergraduate/australia/?page=439'
2026-03-17 17:09:10 [info     ] http_request                   response_time_ms=1239.2 scraper=IDPCourseScraper status_code=200 url='https://www.idp.com/nepal/find-a-course/all-subject/undergraduate/australia/?page=440'
2026-03-17 17:09:12 [info     ] http_request                   response_time_ms=1232.8 scraper=IDPCourseScraper status_code=200 url='https://www.idp.com/nepal/find-a-course/all-subject/undergraduate/australia/?page=441'
2026-03-17 17:09:13 [info     ] http_request                   response_time_ms=1357.2 scraper=IDPCourseScraper status_code=200 url='https://www.idp.com/nepal/find-a-course/all-subject/undergraduate/australia/?page=442'
2026-03-17 17:09:14 [info     ] http_request                   response_time_ms=1310.8 scraper=IDPCourseScraper status_code=200 url='https://www.idp.com/nepal/find-a-course/all-subject/undergraduate/australia/?page=443'
2026-03-17 17:09:16 [info     ] http_request                   response_time_ms=1366.9 scraper=IDPCourseScraper status_code=200 url='https://www.idp.com/nepal/find-a-course/all-subject/undergraduate/australia/?page=444'
2026-03-17 17:09:17 [info     ] http_request                   response_time_ms=1275.7 scraper=IDPCourseScraper status_code=200 url='https://www.idp.com/nepal/find-a-course/all-subject/undergraduate/australia/?page=445'
2026-03-17 17:09:18 [info     ] http_request                   response_time_ms=1186.0 scraper=IDPCourseScraper status_code=200 url='https://www.idp.com/nepal/find-a-course/all-subject/undergraduate/australia/?page=446'
2026-03-17 17:09:20 [info     ] http_request                   response_time_ms=1293.5 scraper=IDPCourseScraper status_code=200 url='https://www.idp.com/nepal/find-a-course/all-subject/undergraduate/australia/?page=447'
2026-03-17 17:09:21 [info     ] http_request                   response_time_ms=1251.1 scraper=IDPCourseScraper status_code=200 url='https://www.idp.com/nepal/find-a-course/all-subject/undergraduate/australia/?page=448'
2026-03-17 17:09:22 [info     ] http_request                   response_time_ms=1223.4 scraper=IDPCourseScraper status_code=200 url='https://www.idp.com/nepal/find-a-course/all-subject/undergraduate/australia/?page=449'
2026-03-17 17:09:22 [info     ] pagination_progress            courses_so_far=5388 page=450 scraper=IDPCourseScraper
2026-03-17 17:09:24 [info     ] http_request                   response_time_ms=1583.4 scraper=IDPCourseScraper status_code=200 url='https://www.idp.com/nepal/find-a-course/all-subject/undergraduate/australia/?page=450'
2026-03-17 17:09:29 [info     ] http_request                   response_time_ms=4962.0 scraper=IDPCourseScraper status_code=200 url='https://www.idp.com/nepal/find-a-course/all-subject/undergraduate/australia/?page=451'
2026-03-17 17:09:30 [info     ] http_request                   response_time_ms=1394.5 scraper=IDPCourseScraper status_code=200 url='https://www.idp.com/nepal/find-a-course/all-subject/undergraduate/australia/?page=452'
2026-03-17 17:09:32 [info     ] http_request                   response_time_ms=1372.2 scraper=IDPCourseScraper status_code=200 url='https://www.idp.com/nepal/find-a-course/all-subject/undergraduate/australia/?page=453'
2026-03-17 17:09:33 [info     ] http_request                   response_time_ms=1263.3 scraper=IDPCourseScraper status_code=200 url='https://www.idp.com/nepal/find-a-course/all-subject/undergraduate/australia/?page=454'
2026-03-17 17:09:34 [info     ] http_request                   response_time_ms=1073.2 scraper=IDPCourseScraper status_code=200 url='https://www.idp.com/nepal/find-a-course/all-subject/undergraduate/australia/?page=455'
2026-03-17 17:09:36 [info     ] http_request                   response_time_ms=1596.6 scraper=IDPCourseScraper status_code=200 url='https://www.idp.com/nepal/find-a-course/all-subject/undergraduate/australia/?page=456'
2026-03-17 17:09:37 [info     ] http_request                   response_time_ms=1335.5 scraper=IDPCourseScraper status_code=200 url='https://www.idp.com/nepal/find-a-course/all-subject/undergraduate/australia/?page=457'
2026-03-17 17:09:39 [info     ] http_request                   response_time_ms=1544.3 scraper=IDPCourseScraper status_code=200 url='https://www.idp.com/nepal/find-a-course/all-subject/undergraduate/australia/?page=458'
2026-03-17 17:09:40 [info     ] http_request                   response_time_ms=1255.8 scraper=IDPCourseScraper status_code=200 url='https://www.idp.com/nepal/find-a-course/all-subject/undergraduate/australia/?page=459'
2026-03-17 17:09:41 [info     ] http_request                   response_time_ms=1270.4 scraper=IDPCourseScraper status_code=200 url='https://www.idp.com/nepal/find-a-course/all-subject/undergraduate/australia/?page=460'
2026-03-17 17:09:43 [info     ] http_request                   response_time_ms=1513.5 scraper=IDPCourseScraper status_code=200 url='https://www.idp.com/nepal/find-a-course/all-subject/undergraduate/australia/?page=461'
2026-03-17 17:09:44 [info     ] http_request                   response_time_ms=1361.4 scraper=IDPCourseScraper status_code=200 url='https://www.idp.com/nepal/find-a-course/all-subject/undergraduate/australia/?page=462'
2026-03-17 17:09:46 [info     ] http_request                   response_time_ms=1279.5 scraper=IDPCourseScraper status_code=200 url='https://www.idp.com/nepal/find-a-course/all-subject/undergraduate/australia/?page=463'
2026-03-17 17:09:47 [info     ] http_request                   response_time_ms=1303.2 scraper=IDPCourseScraper status_code=200 url='https://www.idp.com/nepal/find-a-course/all-subject/undergraduate/australia/?page=464'
2026-03-17 17:09:48 [info     ] http_request                   response_time_ms=1323.8 scraper=IDPCourseScraper status_code=200 url='https://www.idp.com/nepal/find-a-course/all-subject/undergraduate/australia/?page=465'
2026-03-17 17:09:50 [info     ] http_request                   response_time_ms=1342.0 scraper=IDPCourseScraper status_code=200 url='https://www.idp.com/nepal/find-a-course/all-subject/undergraduate/australia/?page=466'
2026-03-17 17:09:51 [info     ] http_request                   response_time_ms=1369.8 scraper=IDPCourseScraper status_code=200 url='https://www.idp.com/nepal/find-a-course/all-subject/undergraduate/australia/?page=467'
2026-03-17 17:09:52 [info     ] http_request                   response_time_ms=948.3 scraper=IDPCourseScraper status_code=200 url='https://www.idp.com/nepal/find-a-course/all-subject/undergraduate/australia/?page=468'
2026-03-17 17:09:53 [info     ] http_request                   response_time_ms=1298.2 scraper=IDPCourseScraper status_code=200 url='https://www.idp.com/nepal/find-a-course/all-subject/undergraduate/australia/?page=469'
2026-03-17 17:09:55 [info     ] http_request                   response_time_ms=1245.4 scraper=IDPCourseScraper status_code=200 url='https://www.idp.com/nepal/find-a-course/all-subject/undergraduate/australia/?page=470'
2026-03-17 17:09:56 [info     ] http_request                   response_time_ms=1009.9 scraper=IDPCourseScraper status_code=200 url='https://www.idp.com/nepal/find-a-course/all-subject/undergraduate/australia/?page=471'
2026-03-17 17:09:57 [info     ] http_request                   response_time_ms=1216.0 scraper=IDPCourseScraper status_code=200 url='https://www.idp.com/nepal/find-a-course/all-subject/undergraduate/australia/?page=472'
2026-03-17 17:09:58 [info     ] http_request                   response_time_ms=1235.8 scraper=IDPCourseScraper status_code=200 url='https://www.idp.com/nepal/find-a-course/all-subject/undergraduate/australia/?page=473'
2026-03-17 17:10:00 [info     ] http_request                   response_time_ms=1237.4 scraper=IDPCourseScraper status_code=200 url='https://www.idp.com/nepal/find-a-course/all-subject/undergraduate/australia/?page=474'
2026-03-17 17:10:01 [info     ] http_request                   response_time_ms=1290.5 scraper=IDPCourseScraper status_code=200 url='https://www.idp.com/nepal/find-a-course/all-subject/undergraduate/australia/?page=475'
2026-03-17 17:10:02 [info     ] http_request                   response_time_ms=1332.2 scraper=IDPCourseScraper status_code=200 url='https://www.idp.com/nepal/find-a-course/all-subject/undergraduate/australia/?page=476'
2026-03-17 17:10:04 [info     ] http_request                   response_time_ms=1460.3 scraper=IDPCourseScraper status_code=200 url='https://www.idp.com/nepal/find-a-course/all-subject/undergraduate/australia/?page=477'
2026-03-17 17:10:05 [info     ] http_request                   response_time_ms=1437.1 scraper=IDPCourseScraper status_code=200 url='https://www.idp.com/nepal/find-a-course/all-subject/undergraduate/australia/?page=478'
2026-03-17 17:10:07 [info     ] http_request                   response_time_ms=1366.3 scraper=IDPCourseScraper status_code=200 url='https://www.idp.com/nepal/find-a-course/all-subject/undergraduate/australia/?page=479'
2026-03-17 17:10:08 [info     ] http_request                   response_time_ms=1427.8 scraper=IDPCourseScraper status_code=200 url='https://www.idp.com/nepal/find-a-course/all-subject/undergraduate/australia/?page=480'
2026-03-17 17:10:10 [info     ] http_request                   response_time_ms=1746.4 scraper=IDPCourseScraper status_code=200 url='https://www.idp.com/nepal/find-a-course/all-subject/undergraduate/australia/?page=481'
2026-03-17 17:10:11 [info     ] http_request                   response_time_ms=1397.9 scraper=IDPCourseScraper status_code=200 url='https://www.idp.com/nepal/find-a-course/all-subject/undergraduate/australia/?page=482'
2026-03-17 17:10:13 [info     ] http_request                   response_time_ms=1556.4 scraper=IDPCourseScraper status_code=200 url='https://www.idp.com/nepal/find-a-course/all-subject/undergraduate/australia/?page=483'
2026-03-17 17:10:15 [info     ] http_request                   response_time_ms=1488.8 scraper=IDPCourseScraper status_code=200 url='https://www.idp.com/nepal/find-a-course/all-subject/undergraduate/australia/?page=484'
2026-03-17 17:10:16 [info     ] http_request                   response_time_ms=1294.8 scraper=IDPCourseScraper status_code=200 url='https://www.idp.com/nepal/find-a-course/all-subject/undergraduate/australia/?page=485'
2026-03-17 17:10:17 [info     ] http_request                   response_time_ms=1204.6 scraper=IDPCourseScraper status_code=200 url='https://www.idp.com/nepal/find-a-course/all-subject/undergraduate/australia/?page=486'
2026-03-17 17:10:19 [info     ] http_request                   response_time_ms=1362.6 scraper=IDPCourseScraper status_code=200 url='https://www.idp.com/nepal/find-a-course/all-subject/undergraduate/australia/?page=487'
2026-03-17 17:10:20 [info     ] http_request                   response_time_ms=1264.3 scraper=IDPCourseScraper status_code=200 url='https://www.idp.com/nepal/find-a-course/all-subject/undergraduate/australia/?page=488'
2026-03-17 17:10:21 [info     ] http_request                   response_time_ms=1475.7 scraper=IDPCourseScraper status_code=200 url='https://www.idp.com/nepal/find-a-course/all-subject/undergraduate/australia/?page=489'
2026-03-17 17:10:23 [info     ] http_request                   response_time_ms=1264.9 scraper=IDPCourseScraper status_code=200 url='https://www.idp.com/nepal/find-a-course/all-subject/undergraduate/australia/?page=490'
2026-03-17 17:10:24 [info     ] http_request                   response_time_ms=938.7 scraper=IDPCourseScraper status_code=200 url='https://www.idp.com/nepal/find-a-course/all-subject/undergraduate/australia/?page=491'
2026-03-17 17:10:25 [info     ] http_request                   response_time_ms=1217.0 scraper=IDPCourseScraper status_code=200 url='https://www.idp.com/nepal/find-a-course/all-subject/undergraduate/australia/?page=492'
2026-03-17 17:10:26 [info     ] http_request                   response_time_ms=1442.0 scraper=IDPCourseScraper status_code=200 url='https://www.idp.com/nepal/find-a-course/all-subject/undergraduate/australia/?page=493'
2026-03-17 17:10:28 [info     ] http_request                   response_time_ms=1375.7 scraper=IDPCourseScraper status_code=200 url='https://www.idp.com/nepal/find-a-course/all-subject/undergraduate/australia/?page=494'
2026-03-17 17:10:29 [info     ] http_request                   response_time_ms=1266.2 scraper=IDPCourseScraper status_code=200 url='https://www.idp.com/nepal/find-a-course/all-subject/undergraduate/australia/?page=495'
2026-03-17 17:10:30 [info     ] http_request                   response_time_ms=1191.0 scraper=IDPCourseScraper status_code=200 url='https://www.idp.com/nepal/find-a-course/all-subject/undergraduate/australia/?page=496'
2026-03-17 17:10:32 [info     ] http_request                   response_time_ms=1544.2 scraper=IDPCourseScraper status_code=200 url='https://www.idp.com/nepal/find-a-course/all-subject/undergraduate/australia/?page=497'
2026-03-17 17:10:33 [info     ] http_request                   response_time_ms=1297.0 scraper=IDPCourseScraper status_code=200 url='https://www.idp.com/nepal/find-a-course/all-subject/undergraduate/australia/?page=498'
2026-03-17 17:10:35 [info     ] http_request                   response_time_ms=1709.4 scraper=IDPCourseScraper status_code=200 url='https://www.idp.com/nepal/find-a-course/all-subject/undergraduate/australia/?page=499'
2026-03-17 17:10:35 [info     ] pagination_progress            courses_so_far=5988 page=500 scraper=IDPCourseScraper
2026-03-17 17:10:37 [info     ] http_request                   response_time_ms=1431.8 scraper=IDPCourseScraper status_code=200 url='https://www.idp.com/nepal/find-a-course/all-subject/undergraduate/australia/?page=500'
2026-03-17 17:10:38 [info     ] http_request                   response_time_ms=1313.0 scraper=IDPCourseScraper status_code=200 url='https://www.idp.com/nepal/find-a-course/all-subject/undergraduate/australia/?page=501'
2026-03-17 17:10:39 [info     ] http_request                   response_time_ms=1475.7 scraper=IDPCourseScraper status_code=200 url='https://www.idp.com/nepal/find-a-course/all-subject/undergraduate/australia/?page=502'
2026-03-17 17:10:41 [info     ] http_request                   response_time_ms=1863.6 scraper=IDPCourseScraper status_code=200 url='https://www.idp.com/nepal/find-a-course/all-subject/undergraduate/australia/?page=503'
2026-03-17 17:10:43 [info     ] http_request                   response_time_ms=1410.5 scraper=IDPCourseScraper status_code=200 url='https://www.idp.com/nepal/find-a-course/all-subject/undergraduate/australia/?page=504'
2026-03-17 17:10:44 [info     ] http_request                   response_time_ms=1212.6 scraper=IDPCourseScraper status_code=200 url='https://www.idp.com/nepal/find-a-course/all-subject/undergraduate/australia/?page=505'
2026-03-17 17:10:45 [info     ] http_request                   response_time_ms=1223.4 scraper=IDPCourseScraper status_code=200 url='https://www.idp.com/nepal/find-a-course/all-subject/undergraduate/australia/?page=506'
2026-03-17 17:10:47 [info     ] http_request                   response_time_ms=1282.5 scraper=IDPCourseScraper status_code=200 url='https://www.idp.com/nepal/find-a-course/all-subject/undergraduate/australia/?page=507'
2026-03-17 17:10:48 [info     ] http_request                   response_time_ms=1169.6 scraper=IDPCourseScraper status_code=200 url='https://www.idp.com/nepal/find-a-course/all-subject/undergraduate/australia/?page=508'
2026-03-17 17:10:49 [info     ] http_request                   response_time_ms=1568.6 scraper=IDPCourseScraper status_code=200 url='https://www.idp.com/nepal/find-a-course/all-subject/undergraduate/australia/?page=509'
2026-03-17 17:10:51 [info     ] http_request                   response_time_ms=1234.0 scraper=IDPCourseScraper status_code=200 url='https://www.idp.com/nepal/find-a-course/all-subject/undergraduate/australia/?page=510'
2026-03-17 17:10:52 [info     ] http_request                   response_time_ms=1244.1 scraper=IDPCourseScraper status_code=200 url='https://www.idp.com/nepal/find-a-course/all-subject/undergraduate/australia/?page=511'
2026-03-17 17:10:53 [info     ] http_request                   response_time_ms=1239.6 scraper=IDPCourseScraper status_code=200 url='https://www.idp.com/nepal/find-a-course/all-subject/undergraduate/australia/?page=512'
2026-03-17 17:10:55 [info     ] http_request                   response_time_ms=1238.8 scraper=IDPCourseScraper status_code=200 url='https://www.idp.com/nepal/find-a-course/all-subject/undergraduate/australia/?page=513'
2026-03-17 17:10:56 [info     ] http_request                   response_time_ms=1412.4 scraper=IDPCourseScraper status_code=200 url='https://www.idp.com/nepal/find-a-course/all-subject/undergraduate/australia/?page=514'
2026-03-17 17:10:57 [info     ] http_request                   response_time_ms=1393.7 scraper=IDPCourseScraper status_code=200 url='https://www.idp.com/nepal/find-a-course/all-subject/undergraduate/australia/?page=515'
2026-03-17 17:10:59 [info     ] http_request                   response_time_ms=1147.2 scraper=IDPCourseScraper status_code=200 url='https://www.idp.com/nepal/find-a-course/all-subject/undergraduate/australia/?page=516'
2026-03-17 17:11:00 [info     ] http_request                   response_time_ms=1208.4 scraper=IDPCourseScraper status_code=200 url='https://www.idp.com/nepal/find-a-course/all-subject/undergraduate/australia/?page=517'
2026-03-17 17:11:01 [info     ] http_request                   response_time_ms=1287.1 scraper=IDPCourseScraper status_code=200 url='https://www.idp.com/nepal/find-a-course/all-subject/undergraduate/australia/?page=518'
2026-03-17 17:11:03 [info     ] http_request                   response_time_ms=1455.8 scraper=IDPCourseScraper status_code=200 url='https://www.idp.com/nepal/find-a-course/all-subject/undergraduate/australia/?page=519'
2026-03-17 17:11:04 [info     ] http_request                   response_time_ms=1451.8 scraper=IDPCourseScraper status_code=200 url='https://www.idp.com/nepal/find-a-course/all-subject/undergraduate/australia/?page=520'
2026-03-17 17:11:06 [info     ] http_request                   response_time_ms=1243.3 scraper=IDPCourseScraper status_code=200 url='https://www.idp.com/nepal/find-a-course/all-subject/undergraduate/australia/?page=521'
2026-03-17 17:11:07 [info     ] http_request                   response_time_ms=1263.9 scraper=IDPCourseScraper status_code=200 url='https://www.idp.com/nepal/find-a-course/all-subject/undergraduate/australia/?page=522'
2026-03-17 17:11:08 [info     ] http_request                   response_time_ms=1354.9 scraper=IDPCourseScraper status_code=200 url='https://www.idp.com/nepal/find-a-course/all-subject/undergraduate/australia/?page=523'
2026-03-17 17:11:10 [info     ] http_request                   response_time_ms=1404.5 scraper=IDPCourseScraper status_code=200 url='https://www.idp.com/nepal/find-a-course/all-subject/undergraduate/australia/?page=524'
2026-03-17 17:11:11 [info     ] http_request                   response_time_ms=1378.1 scraper=IDPCourseScraper status_code=200 url='https://www.idp.com/nepal/find-a-course/all-subject/undergraduate/australia/?page=525'
2026-03-17 17:11:12 [info     ] http_request                   response_time_ms=1288.4 scraper=IDPCourseScraper status_code=200 url='https://www.idp.com/nepal/find-a-course/all-subject/undergraduate/australia/?page=526'
2026-03-17 17:11:14 [info     ] http_request                   response_time_ms=1374.7 scraper=IDPCourseScraper status_code=200 url='https://www.idp.com/nepal/find-a-course/all-subject/undergraduate/australia/?page=527'
2026-03-17 17:11:15 [info     ] http_request                   response_time_ms=1323.7 scraper=IDPCourseScraper status_code=200 url='https://www.idp.com/nepal/find-a-course/all-subject/undergraduate/australia/?page=528'
2026-03-17 17:11:16 [info     ] http_request                   response_time_ms=1230.5 scraper=IDPCourseScraper status_code=200 url='https://www.idp.com/nepal/find-a-course/all-subject/undergraduate/australia/?page=529'
2026-03-17 17:11:18 [info     ] http_request                   response_time_ms=1419.2 scraper=IDPCourseScraper status_code=200 url='https://www.idp.com/nepal/find-a-course/all-subject/undergraduate/australia/?page=530'
2026-03-17 17:11:19 [info     ] http_request                   response_time_ms=1248.3 scraper=IDPCourseScraper status_code=200 url='https://www.idp.com/nepal/find-a-course/all-subject/undergraduate/australia/?page=531'
2026-03-17 17:11:21 [info     ] http_request                   response_time_ms=1280.6 scraper=IDPCourseScraper status_code=200 url='https://www.idp.com/nepal/find-a-course/all-subject/undergraduate/australia/?page=532'
2026-03-17 17:11:22 [info     ] http_request                   response_time_ms=1370.5 scraper=IDPCourseScraper status_code=200 url='https://www.idp.com/nepal/find-a-course/all-subject/undergraduate/australia/?page=533'
2026-03-17 17:11:23 [info     ] http_request                   response_time_ms=1263.5 scraper=IDPCourseScraper status_code=200 url='https://www.idp.com/nepal/find-a-course/all-subject/undergraduate/australia/?page=534'
2026-03-17 17:11:25 [info     ] http_request                   response_time_ms=1531.1 scraper=IDPCourseScraper status_code=200 url='https://www.idp.com/nepal/find-a-course/all-subject/undergraduate/australia/?page=535'
2026-03-17 17:11:26 [info     ] http_request                   response_time_ms=1218.9 scraper=IDPCourseScraper status_code=200 url='https://www.idp.com/nepal/find-a-course/all-subject/undergraduate/australia/?page=536'
2026-03-17 17:11:28 [info     ] http_request                   response_time_ms=1424.1 scraper=IDPCourseScraper status_code=200 url='https://www.idp.com/nepal/find-a-course/all-subject/undergraduate/australia/?page=537'
2026-03-17 17:11:29 [info     ] http_request                   response_time_ms=1204.6 scraper=IDPCourseScraper status_code=200 url='https://www.idp.com/nepal/find-a-course/all-subject/undergraduate/australia/?page=538'
2026-03-17 17:11:30 [info     ] http_request                   response_time_ms=1430.5 scraper=IDPCourseScraper status_code=200 url='https://www.idp.com/nepal/find-a-course/all-subject/undergraduate/australia/?page=539'
2026-03-17 17:11:32 [info     ] http_request                   response_time_ms=1766.9 scraper=IDPCourseScraper status_code=200 url='https://www.idp.com/nepal/find-a-course/all-subject/undergraduate/australia/?page=540'
2026-03-17 17:11:33 [info     ] http_request                   response_time_ms=1255.3 scraper=IDPCourseScraper status_code=200 url='https://www.idp.com/nepal/find-a-course/all-subject/undergraduate/australia/?page=541'
2026-03-17 17:11:34 [info     ] http_request                   response_time_ms=837.2 scraper=IDPCourseScraper status_code=200 url='https://www.idp.com/nepal/find-a-course/all-subject/undergraduate/australia/?page=542'
2026-03-17 17:11:35 [info     ] http_request                   response_time_ms=1001.9 scraper=IDPCourseScraper status_code=200 url='https://www.idp.com/nepal/find-a-course/all-subject/undergraduate/australia/?page=543'
2026-03-17 17:11:36 [info     ] http_request                   response_time_ms=824.1 scraper=IDPCourseScraper status_code=200 url='https://www.idp.com/nepal/find-a-course/all-subject/undergraduate/australia/?page=544'
2026-03-17 17:11:38 [info     ] http_request                   response_time_ms=1533.6 scraper=IDPCourseScraper status_code=200 url='https://www.idp.com/nepal/find-a-course/all-subject/undergraduate/australia/?page=545'
2026-03-17 17:11:39 [info     ] http_request                   response_time_ms=1236.3 scraper=IDPCourseScraper status_code=200 url='https://www.idp.com/nepal/find-a-course/all-subject/undergraduate/australia/?page=546'
2026-03-17 17:11:41 [info     ] http_request                   response_time_ms=1217.3 scraper=IDPCourseScraper status_code=200 url='https://www.idp.com/nepal/find-a-course/all-subject/undergraduate/australia/?page=547'
2026-03-17 17:11:42 [info     ] http_request                   response_time_ms=1385.6 scraper=IDPCourseScraper status_code=200 url='https://www.idp.com/nepal/find-a-course/all-subject/undergraduate/australia/?page=548'
2026-03-17 17:11:43 [info     ] http_request                   response_time_ms=1285.7 scraper=IDPCourseScraper status_code=200 url='https://www.idp.com/nepal/find-a-course/all-subject/undergraduate/australia/?page=549'
2026-03-17 17:11:43 [info     ] pagination_progress            courses_so_far=6588 page=550 scraper=IDPCourseScraper
2026-03-17 17:11:45 [info     ] http_request                   response_time_ms=1648.5 scraper=IDPCourseScraper status_code=200 url='https://www.idp.com/nepal/find-a-course/all-subject/undergraduate/australia/?page=550'
2026-03-17 17:11:47 [info     ] http_request                   response_time_ms=2024.4 scraper=IDPCourseScraper status_code=200 url='https://www.idp.com/nepal/find-a-course/all-subject/undergraduate/australia/?page=551'
2026-03-17 17:11:49 [info     ] http_request                   response_time_ms=1427.5 scraper=IDPCourseScraper status_code=200 url='https://www.idp.com/nepal/find-a-course/all-subject/undergraduate/australia/?page=552'
2026-03-17 17:11:50 [info     ] http_request                   response_time_ms=1515.1 scraper=IDPCourseScraper status_code=200 url='https://www.idp.com/nepal/find-a-course/all-subject/undergraduate/australia/?page=553'
2026-03-17 17:11:52 [info     ] http_request                   response_time_ms=1363.1 scraper=IDPCourseScraper status_code=200 url='https://www.idp.com/nepal/find-a-course/all-subject/undergraduate/australia/?page=554'
2026-03-17 17:11:53 [info     ] http_request                   response_time_ms=1287.2 scraper=IDPCourseScraper status_code=200 url='https://www.idp.com/nepal/find-a-course/all-subject/undergraduate/australia/?page=555'
2026-03-17 17:11:54 [info     ] http_request                   response_time_ms=1480.2 scraper=IDPCourseScraper status_code=200 url='https://www.idp.com/nepal/find-a-course/all-subject/undergraduate/australia/?page=556'
2026-03-17 17:11:56 [info     ] http_request                   response_time_ms=1205.6 scraper=IDPCourseScraper status_code=200 url='https://www.idp.com/nepal/find-a-course/all-subject/undergraduate/australia/?page=557'
2026-03-17 17:11:57 [info     ] http_request                   response_time_ms=1169.9 scraper=IDPCourseScraper status_code=200 url='https://www.idp.com/nepal/find-a-course/all-subject/undergraduate/australia/?page=558'
2026-03-17 17:11:58 [info     ] http_request                   response_time_ms=1517.4 scraper=IDPCourseScraper status_code=200 url='https://www.idp.com/nepal/find-a-course/all-subject/undergraduate/australia/?page=559'
2026-03-17 17:12:00 [info     ] http_request                   response_time_ms=1586.1 scraper=IDPCourseScraper status_code=200 url='https://www.idp.com/nepal/find-a-course/all-subject/undergraduate/australia/?page=560'
2026-03-17 17:12:01 [info     ] http_request                   response_time_ms=1358.5 scraper=IDPCourseScraper status_code=200 url='https://www.idp.com/nepal/find-a-course/all-subject/undergraduate/australia/?page=561'
2026-03-17 17:12:03 [info     ] http_request                   response_time_ms=1450.0 scraper=IDPCourseScraper status_code=200 url='https://www.idp.com/nepal/find-a-course/all-subject/undergraduate/australia/?page=562'
2026-03-17 17:12:04 [info     ] http_request                   response_time_ms=1202.6 scraper=IDPCourseScraper status_code=200 url='https://www.idp.com/nepal/find-a-course/all-subject/undergraduate/australia/?page=563'
2026-03-17 17:12:06 [info     ] http_request                   response_time_ms=1304.2 scraper=IDPCourseScraper status_code=200 url='https://www.idp.com/nepal/find-a-course/all-subject/undergraduate/australia/?page=564'
2026-03-17 17:12:07 [info     ] http_request                   response_time_ms=1250.0 scraper=IDPCourseScraper status_code=200 url='https://www.idp.com/nepal/find-a-course/all-subject/undergraduate/australia/?page=565'
2026-03-17 17:12:08 [info     ] http_request                   response_time_ms=1314.5 scraper=IDPCourseScraper status_code=200 url='https://www.idp.com/nepal/find-a-course/all-subject/undergraduate/australia/?page=566'
2026-03-17 17:12:10 [info     ] http_request                   response_time_ms=1643.8 scraper=IDPCourseScraper status_code=200 url='https://www.idp.com/nepal/find-a-course/all-subject/undergraduate/australia/?page=567'
2026-03-17 17:12:11 [info     ] http_request                   response_time_ms=1307.5 scraper=IDPCourseScraper status_code=200 url='https://www.idp.com/nepal/find-a-course/all-subject/undergraduate/australia/?page=568'
2026-03-17 17:12:12 [info     ] http_request                   response_time_ms=1191.9 scraper=IDPCourseScraper status_code=200 url='https://www.idp.com/nepal/find-a-course/all-subject/undergraduate/australia/?page=569'
2026-03-17 17:12:14 [info     ] http_request                   response_time_ms=1666.1 scraper=IDPCourseScraper status_code=200 url='https://www.idp.com/nepal/find-a-course/all-subject/undergraduate/australia/?page=570'
2026-03-17 17:12:15 [info     ] http_request                   response_time_ms=955.0 scraper=IDPCourseScraper status_code=200 url='https://www.idp.com/nepal/find-a-course/all-subject/undergraduate/australia/?page=571'
2026-03-17 17:12:16 [info     ] http_request                   response_time_ms=1248.6 scraper=IDPCourseScraper status_code=200 url='https://www.idp.com/nepal/find-a-course/all-subject/undergraduate/australia/?page=572'
2026-03-17 17:12:18 [info     ] http_request                   response_time_ms=1168.0 scraper=IDPCourseScraper status_code=200 url='https://www.idp.com/nepal/find-a-course/all-subject/undergraduate/australia/?page=573'
2026-03-17 17:12:19 [info     ] http_request                   response_time_ms=1300.1 scraper=IDPCourseScraper status_code=200 url='https://www.idp.com/nepal/find-a-course/all-subject/undergraduate/australia/?page=574'
2026-03-17 17:12:20 [info     ] http_request                   response_time_ms=1229.5 scraper=IDPCourseScraper status_code=200 url='https://www.idp.com/nepal/find-a-course/all-subject/undergraduate/australia/?page=575'
2026-03-17 17:12:22 [info     ] http_request                   response_time_ms=1584.0 scraper=IDPCourseScraper status_code=200 url='https://www.idp.com/nepal/find-a-course/all-subject/undergraduate/australia/?page=576'
2026-03-17 17:12:23 [info     ] http_request                   response_time_ms=1332.3 scraper=IDPCourseScraper status_code=200 url='https://www.idp.com/nepal/find-a-course/all-subject/undergraduate/australia/?page=577'
2026-03-17 17:12:25 [info     ] http_request                   response_time_ms=1274.1 scraper=IDPCourseScraper status_code=200 url='https://www.idp.com/nepal/find-a-course/all-subject/undergraduate/australia/?page=578'
2026-03-17 17:12:26 [info     ] http_request                   response_time_ms=1587.7 scraper=IDPCourseScraper status_code=200 url='https://www.idp.com/nepal/find-a-course/all-subject/undergraduate/australia/?page=579'
2026-03-17 17:12:29 [info     ] http_request                   response_time_ms=2943.6 scraper=IDPCourseScraper status_code=200 url='https://www.idp.com/nepal/find-a-course/all-subject/undergraduate/australia/?page=580'
2026-03-17 17:12:31 [info     ] http_request                   response_time_ms=1494.7 scraper=IDPCourseScraper status_code=200 url='https://www.idp.com/nepal/find-a-course/all-subject/undergraduate/australia/?page=581'
2026-03-17 17:12:32 [info     ] http_request                   response_time_ms=1399.4 scraper=IDPCourseScraper status_code=200 url='https://www.idp.com/nepal/find-a-course/all-subject/undergraduate/australia/?page=582'
2026-03-17 17:12:34 [info     ] http_request                   response_time_ms=1398.3 scraper=IDPCourseScraper status_code=200 url='https://www.idp.com/nepal/find-a-course/all-subject/undergraduate/australia/?page=583'
2026-03-17 17:12:35 [info     ] http_request                   response_time_ms=1299.7 scraper=IDPCourseScraper status_code=200 url='https://www.idp.com/nepal/find-a-course/all-subject/undergraduate/australia/?page=584'
2026-03-17 17:12:37 [info     ] http_request                   response_time_ms=1517.1 scraper=IDPCourseScraper status_code=200 url='https://www.idp.com/nepal/find-a-course/all-subject/undergraduate/australia/?page=585'
2026-03-17 17:12:38 [info     ] http_request                   response_time_ms=1438.5 scraper=IDPCourseScraper status_code=200 url='https://www.idp.com/nepal/find-a-course/all-subject/undergraduate/australia/?page=586'
2026-03-17 17:12:39 [info     ] http_request                   response_time_ms=1358.1 scraper=IDPCourseScraper status_code=200 url='https://www.idp.com/nepal/find-a-course/all-subject/undergraduate/australia/?page=587'
2026-03-17 17:12:41 [info     ] http_request                   response_time_ms=1392.4 scraper=IDPCourseScraper status_code=200 url='https://www.idp.com/nepal/find-a-course/all-subject/undergraduate/australia/?page=588'
2026-03-17 17:12:42 [info     ] http_request                   response_time_ms=1315.1 scraper=IDPCourseScraper status_code=200 url='https://www.idp.com/nepal/find-a-course/all-subject/undergraduate/australia/?page=589'
2026-03-17 17:12:43 [info     ] http_request                   response_time_ms=1224.9 scraper=IDPCourseScraper status_code=200 url='https://www.idp.com/nepal/find-a-course/all-subject/undergraduate/australia/?page=590'
2026-03-17 17:12:45 [info     ] http_request                   response_time_ms=1253.3 scraper=IDPCourseScraper status_code=200 url='https://www.idp.com/nepal/find-a-course/all-subject/undergraduate/australia/?page=591'
2026-03-17 17:12:46 [info     ] http_request                   response_time_ms=1306.1 scraper=IDPCourseScraper status_code=200 url='https://www.idp.com/nepal/find-a-course/all-subject/undergraduate/australia/?page=592'
2026-03-17 17:12:47 [info     ] http_request                   response_time_ms=1196.2 scraper=IDPCourseScraper status_code=200 url='https://www.idp.com/nepal/find-a-course/all-subject/undergraduate/australia/?page=593'
2026-03-17 17:12:49 [info     ] http_request                   response_time_ms=1268.7 scraper=IDPCourseScraper status_code=200 url='https://www.idp.com/nepal/find-a-course/all-subject/undergraduate/australia/?page=594'
2026-03-17 17:12:50 [info     ] http_request                   response_time_ms=1250.0 scraper=IDPCourseScraper status_code=200 url='https://www.idp.com/nepal/find-a-course/all-subject/undergraduate/australia/?page=595'
2026-03-17 17:12:51 [info     ] http_request                   response_time_ms=1300.5 scraper=IDPCourseScraper status_code=200 url='https://www.idp.com/nepal/find-a-course/all-subject/undergraduate/australia/?page=596'
2026-03-17 17:12:53 [info     ] http_request                   response_time_ms=1224.4 scraper=IDPCourseScraper status_code=200 url='https://www.idp.com/nepal/find-a-course/all-subject/undergraduate/australia/?page=597'
2026-03-17 17:12:54 [info     ] http_request                   response_time_ms=1463.5 scraper=IDPCourseScraper status_code=200 url='https://www.idp.com/nepal/find-a-course/all-subject/undergraduate/australia/?page=598'
2026-03-17 17:12:55 [info     ] http_request                   response_time_ms=1320.7 scraper=IDPCourseScraper status_code=200 url='https://www.idp.com/nepal/find-a-course/all-subject/undergraduate/australia/?page=599'
2026-03-17 17:12:56 [info     ] pagination_progress            courses_so_far=7188 page=600 scraper=IDPCourseScraper
2026-03-17 17:12:57 [info     ] http_request                   response_time_ms=1371.0 scraper=IDPCourseScraper status_code=200 url='https://www.idp.com/nepal/find-a-course/all-subject/undergraduate/australia/?page=600'
2026-03-17 17:12:58 [info     ] http_request                   response_time_ms=1422.1 scraper=IDPCourseScraper status_code=200 url='https://www.idp.com/nepal/find-a-course/all-subject/undergraduate/australia/?page=601'
2026-03-17 17:13:00 [info     ] http_request                   response_time_ms=1300.9 scraper=IDPCourseScraper status_code=200 url='https://www.idp.com/nepal/find-a-course/all-subject/undergraduate/australia/?page=602'
2026-03-17 17:13:01 [info     ] http_request                   response_time_ms=1253.7 scraper=IDPCourseScraper status_code=200 url='https://www.idp.com/nepal/find-a-course/all-subject/undergraduate/australia/?page=603'
2026-03-17 17:13:02 [info     ] http_request                   response_time_ms=1371.5 scraper=IDPCourseScraper status_code=200 url='https://www.idp.com/nepal/find-a-course/all-subject/undergraduate/australia/?page=604'
2026-03-17 17:13:04 [info     ] http_request                   response_time_ms=1260.0 scraper=IDPCourseScraper status_code=200 url='https://www.idp.com/nepal/find-a-course/all-subject/undergraduate/australia/?page=605'
2026-03-17 17:13:05 [info     ] http_request                   response_time_ms=1029.7 scraper=IDPCourseScraper status_code=200 url='https://www.idp.com/nepal/find-a-course/all-subject/undergraduate/australia/?page=606'
2026-03-17 17:13:06 [info     ] http_request                   response_time_ms=1372.9 scraper=IDPCourseScraper status_code=200 url='https://www.idp.com/nepal/find-a-course/all-subject/undergraduate/australia/?page=607'
2026-03-17 17:13:08 [info     ] http_request                   response_time_ms=1320.9 scraper=IDPCourseScraper status_code=200 url='https://www.idp.com/nepal/find-a-course/all-subject/undergraduate/australia/?page=608'
2026-03-17 17:13:09 [info     ] http_request                   response_time_ms=1285.6 scraper=IDPCourseScraper status_code=200 url='https://www.idp.com/nepal/find-a-course/all-subject/undergraduate/australia/?page=609'
2026-03-17 17:13:10 [info     ] http_request                   response_time_ms=1283.6 scraper=IDPCourseScraper status_code=200 url='https://www.idp.com/nepal/find-a-course/all-subject/undergraduate/australia/?page=610'
2026-03-17 17:13:12 [info     ] http_request                   response_time_ms=1572.2 scraper=IDPCourseScraper status_code=200 url='https://www.idp.com/nepal/find-a-course/all-subject/undergraduate/australia/?page=611'
2026-03-17 17:13:13 [info     ] http_request                   response_time_ms=1292.0 scraper=IDPCourseScraper status_code=200 url='https://www.idp.com/nepal/find-a-course/all-subject/undergraduate/australia/?page=612'
2026-03-17 17:13:15 [info     ] http_request                   response_time_ms=1360.8 scraper=IDPCourseScraper status_code=200 url='https://www.idp.com/nepal/find-a-course/all-subject/undergraduate/australia/?page=613'
2026-03-17 17:13:16 [info     ] http_request                   response_time_ms=1372.7 scraper=IDPCourseScraper status_code=200 url='https://www.idp.com/nepal/find-a-course/all-subject/undergraduate/australia/?page=614'
2026-03-17 17:13:17 [info     ] http_request                   response_time_ms=1253.7 scraper=IDPCourseScraper status_code=200 url='https://www.idp.com/nepal/find-a-course/all-subject/undergraduate/australia/?page=615'
2026-03-17 17:13:19 [info     ] http_request                   response_time_ms=1525.6 scraper=IDPCourseScraper status_code=200 url='https://www.idp.com/nepal/find-a-course/all-subject/undergraduate/australia/?page=616'
2026-03-17 17:13:20 [info     ] http_request                   response_time_ms=1458.1 scraper=IDPCourseScraper status_code=200 url='https://www.idp.com/nepal/find-a-course/all-subject/undergraduate/australia/?page=617'
2026-03-17 17:13:21 [info     ] http_request                   response_time_ms=1082.4 scraper=IDPCourseScraper status_code=200 url='https://www.idp.com/nepal/find-a-course/all-subject/undergraduate/australia/?page=618'
2026-03-17 17:13:23 [info     ] http_request                   response_time_ms=1188.6 scraper=IDPCourseScraper status_code=200 url='https://www.idp.com/nepal/find-a-course/all-subject/undergraduate/australia/?page=619'
2026-03-17 17:13:24 [info     ] http_request                   response_time_ms=1225.4 scraper=IDPCourseScraper status_code=200 url='https://www.idp.com/nepal/find-a-course/all-subject/undergraduate/australia/?page=620'
2026-03-17 17:13:25 [info     ] http_request                   response_time_ms=1240.8 scraper=IDPCourseScraper status_code=200 url='https://www.idp.com/nepal/find-a-course/all-subject/undergraduate/australia/?page=621'
2026-03-17 17:13:27 [info     ] http_request                   response_time_ms=1389.5 scraper=IDPCourseScraper status_code=200 url='https://www.idp.com/nepal/find-a-course/all-subject/undergraduate/australia/?page=622'
2026-03-17 17:13:28 [info     ] http_request                   response_time_ms=1372.3 scraper=IDPCourseScraper status_code=200 url='https://www.idp.com/nepal/find-a-course/all-subject/undergraduate/australia/?page=623'
2026-03-17 17:13:29 [info     ] http_request                   response_time_ms=941.7 scraper=IDPCourseScraper status_code=200 url='https://www.idp.com/nepal/find-a-course/all-subject/undergraduate/australia/?page=624'
2026-03-17 17:13:30 [info     ] http_request                   response_time_ms=1353.4 scraper=IDPCourseScraper status_code=200 url='https://www.idp.com/nepal/find-a-course/all-subject/undergraduate/australia/?page=625'
2026-03-17 17:13:32 [info     ] http_request                   response_time_ms=1256.5 scraper=IDPCourseScraper status_code=200 url='https://www.idp.com/nepal/find-a-course/all-subject/undergraduate/australia/?page=626'
2026-03-17 17:13:33 [info     ] http_request                   response_time_ms=1454.2 scraper=IDPCourseScraper status_code=200 url='https://www.idp.com/nepal/find-a-course/all-subject/undergraduate/australia/?page=627'
2026-03-17 17:13:35 [info     ] http_request                   response_time_ms=1453.8 scraper=IDPCourseScraper status_code=200 url='https://www.idp.com/nepal/find-a-course/all-subject/undergraduate/australia/?page=628'
2026-03-17 17:13:36 [info     ] http_request                   response_time_ms=1325.3 scraper=IDPCourseScraper status_code=200 url='https://www.idp.com/nepal/find-a-course/all-subject/undergraduate/australia/?page=629'
2026-03-17 17:13:38 [info     ] http_request                   response_time_ms=1375.9 scraper=IDPCourseScraper status_code=200 url='https://www.idp.com/nepal/find-a-course/all-subject/undergraduate/australia/?page=630'
2026-03-17 17:13:39 [info     ] http_request                   response_time_ms=1182.8 scraper=IDPCourseScraper status_code=200 url='https://www.idp.com/nepal/find-a-course/all-subject/undergraduate/australia/?page=631'
2026-03-17 17:13:40 [info     ] http_request                   response_time_ms=1396.0 scraper=IDPCourseScraper status_code=200 url='https://www.idp.com/nepal/find-a-course/all-subject/undergraduate/australia/?page=632'
2026-03-17 17:13:42 [info     ] http_request                   response_time_ms=1329.6 scraper=IDPCourseScraper status_code=200 url='https://www.idp.com/nepal/find-a-course/all-subject/undergraduate/australia/?page=633'
2026-03-17 17:13:43 [info     ] http_request                   response_time_ms=1212.6 scraper=IDPCourseScraper status_code=200 url='https://www.idp.com/nepal/find-a-course/all-subject/undergraduate/australia/?page=634'
2026-03-17 17:13:44 [info     ] http_request                   response_time_ms=1268.5 scraper=IDPCourseScraper status_code=200 url='https://www.idp.com/nepal/find-a-course/all-subject/undergraduate/australia/?page=635'
2026-03-17 17:13:45 [info     ] http_request                   response_time_ms=1253.4 scraper=IDPCourseScraper status_code=200 url='https://www.idp.com/nepal/find-a-course/all-subject/undergraduate/australia/?page=636'
2026-03-17 17:13:47 [info     ] http_request                   response_time_ms=1397.9 scraper=IDPCourseScraper status_code=200 url='https://www.idp.com/nepal/find-a-course/all-subject/undergraduate/australia/?page=637'
2026-03-17 17:13:49 [info     ] http_request                   response_time_ms=1791.4 scraper=IDPCourseScraper status_code=200 url='https://www.idp.com/nepal/find-a-course/all-subject/undergraduate/australia/?page=638'
2026-03-17 17:13:50 [info     ] http_request                   response_time_ms=1230.2 scraper=IDPCourseScraper status_code=200 url='https://www.idp.com/nepal/find-a-course/all-subject/undergraduate/australia/?page=639'
2026-03-17 17:13:52 [info     ] http_request                   response_time_ms=1554.7 scraper=IDPCourseScraper status_code=200 url='https://www.idp.com/nepal/find-a-course/all-subject/undergraduate/australia/?page=640'
2026-03-17 17:13:53 [info     ] http_request                   response_time_ms=1199.3 scraper=IDPCourseScraper status_code=200 url='https://www.idp.com/nepal/find-a-course/all-subject/undergraduate/australia/?page=641'
2026-03-17 17:13:54 [info     ] http_request                   response_time_ms=1416.6 scraper=IDPCourseScraper status_code=200 url='https://www.idp.com/nepal/find-a-course/all-subject/undergraduate/australia/?page=642'
2026-03-17 17:13:55 [info     ] http_request                   response_time_ms=1078.0 scraper=IDPCourseScraper status_code=200 url='https://www.idp.com/nepal/find-a-course/all-subject/undergraduate/australia/?page=643'
2026-03-17 17:13:57 [info     ] http_request                   response_time_ms=1190.4 scraper=IDPCourseScraper status_code=200 url='https://www.idp.com/nepal/find-a-course/all-subject/undergraduate/australia/?page=644'
2026-03-17 17:13:58 [info     ] http_request                   response_time_ms=1420.4 scraper=IDPCourseScraper status_code=200 url='https://www.idp.com/nepal/find-a-course/all-subject/undergraduate/australia/?page=645'
2026-03-17 17:13:59 [info     ] http_request                   response_time_ms=1247.2 scraper=IDPCourseScraper status_code=200 url='https://www.idp.com/nepal/find-a-course/all-subject/undergraduate/australia/?page=646'
2026-03-17 17:14:01 [info     ] http_request                   response_time_ms=1225.2 scraper=IDPCourseScraper status_code=200 url='https://www.idp.com/nepal/find-a-course/all-subject/undergraduate/australia/?page=647'
2026-03-17 17:14:02 [info     ] http_request                   response_time_ms=1313.2 scraper=IDPCourseScraper status_code=200 url='https://www.idp.com/nepal/find-a-course/all-subject/undergraduate/australia/?page=648'
2026-03-17 17:14:03 [info     ] http_request                   response_time_ms=1368.2 scraper=IDPCourseScraper status_code=200 url='https://www.idp.com/nepal/find-a-course/all-subject/undergraduate/australia/?page=649'
2026-03-17 17:14:03 [info     ] pagination_progress            courses_so_far=7788 page=650 scraper=IDPCourseScraper
2026-03-17 17:14:05 [info     ] http_request                   response_time_ms=1246.3 scraper=IDPCourseScraper status_code=200 url='https://www.idp.com/nepal/find-a-course/all-subject/undergraduate/australia/?page=650'
2026-03-17 17:14:06 [info     ] http_request                   response_time_ms=1246.0 scraper=IDPCourseScraper status_code=200 url='https://www.idp.com/nepal/find-a-course/all-subject/undergraduate/australia/?page=651'
2026-03-17 17:14:07 [info     ] http_request                   response_time_ms=1400.8 scraper=IDPCourseScraper status_code=200 url='https://www.idp.com/nepal/find-a-course/all-subject/undergraduate/australia/?page=652'
2026-03-17 17:14:09 [info     ] http_request                   response_time_ms=1303.4 scraper=IDPCourseScraper status_code=200 url='https://www.idp.com/nepal/find-a-course/all-subject/undergraduate/australia/?page=653'
2026-03-17 17:14:10 [info     ] http_request                   response_time_ms=1248.2 scraper=IDPCourseScraper status_code=200 url='https://www.idp.com/nepal/find-a-course/all-subject/undergraduate/australia/?page=654'
2026-03-17 17:14:12 [info     ] http_request                   response_time_ms=1386.7 scraper=IDPCourseScraper status_code=200 url='https://www.idp.com/nepal/find-a-course/all-subject/undergraduate/australia/?page=655'
2026-03-17 17:14:13 [info     ] http_request                   response_time_ms=1215.6 scraper=IDPCourseScraper status_code=200 url='https://www.idp.com/nepal/find-a-course/all-subject/undergraduate/australia/?page=656'
2026-03-17 17:14:14 [info     ] http_request                   response_time_ms=1277.8 scraper=IDPCourseScraper status_code=200 url='https://www.idp.com/nepal/find-a-course/all-subject/undergraduate/australia/?page=657'
2026-03-17 17:14:15 [info     ] http_request                   response_time_ms=1222.2 scraper=IDPCourseScraper status_code=200 url='https://www.idp.com/nepal/find-a-course/all-subject/undergraduate/australia/?page=658'
2026-03-17 17:14:17 [info     ] http_request                   response_time_ms=1600.9 scraper=IDPCourseScraper status_code=200 url='https://www.idp.com/nepal/find-a-course/all-subject/undergraduate/australia/?page=659'
2026-03-17 17:14:18 [info     ] http_request                   response_time_ms=1250.5 scraper=IDPCourseScraper status_code=200 url='https://www.idp.com/nepal/find-a-course/all-subject/undergraduate/australia/?page=660'
2026-03-17 17:14:19 [info     ] http_request                   response_time_ms=903.7 scraper=IDPCourseScraper status_code=200 url='https://www.idp.com/nepal/find-a-course/all-subject/undergraduate/australia/?page=661'
2026-03-17 17:14:21 [info     ] http_request                   response_time_ms=1402.1 scraper=IDPCourseScraper status_code=200 url='https://www.idp.com/nepal/find-a-course/all-subject/undergraduate/australia/?page=662'
2026-03-17 17:14:22 [info     ] http_request                   response_time_ms=1338.3 scraper=IDPCourseScraper status_code=200 url='https://www.idp.com/nepal/find-a-course/all-subject/undergraduate/australia/?page=663'
2026-03-17 17:14:23 [info     ] http_request                   response_time_ms=1187.1 scraper=IDPCourseScraper status_code=200 url='https://www.idp.com/nepal/find-a-course/all-subject/undergraduate/australia/?page=664'
2026-03-17 17:14:25 [info     ] http_request                   response_time_ms=1214.7 scraper=IDPCourseScraper status_code=200 url='https://www.idp.com/nepal/find-a-course/all-subject/undergraduate/australia/?page=665'
2026-03-17 17:14:26 [info     ] http_request                   response_time_ms=1355.2 scraper=IDPCourseScraper status_code=200 url='https://www.idp.com/nepal/find-a-course/all-subject/undergraduate/australia/?page=666'
2026-03-17 17:14:27 [info     ] http_request                   response_time_ms=1185.8 scraper=IDPCourseScraper status_code=200 url='https://www.idp.com/nepal/find-a-course/all-subject/undergraduate/australia/?page=667'
2026-03-17 17:14:28 [info     ] http_request                   response_time_ms=1175.2 scraper=IDPCourseScraper status_code=200 url='https://www.idp.com/nepal/find-a-course/all-subject/undergraduate/australia/?page=668'
2026-03-17 17:14:30 [info     ] http_request                   response_time_ms=1264.0 scraper=IDPCourseScraper status_code=200 url='https://www.idp.com/nepal/find-a-course/all-subject/undergraduate/australia/?page=669'
2026-03-17 17:14:31 [info     ] http_request                   response_time_ms=1228.2 scraper=IDPCourseScraper status_code=200 url='https://www.idp.com/nepal/find-a-course/all-subject/undergraduate/australia/?page=670'
2026-03-17 17:14:33 [info     ] http_request                   response_time_ms=1518.4 scraper=IDPCourseScraper status_code=200 url='https://www.idp.com/nepal/find-a-course/all-subject/undergraduate/australia/?page=671'
2026-03-17 17:14:34 [info     ] http_request                   response_time_ms=1266.5 scraper=IDPCourseScraper status_code=200 url='https://www.idp.com/nepal/find-a-course/all-subject/undergraduate/australia/?page=672'
2026-03-17 17:14:35 [info     ] http_request                   response_time_ms=1249.6 scraper=IDPCourseScraper status_code=200 url='https://www.idp.com/nepal/find-a-course/all-subject/undergraduate/australia/?page=673'
2026-03-17 17:14:37 [info     ] http_request                   response_time_ms=1321.3 scraper=IDPCourseScraper status_code=200 url='https://www.idp.com/nepal/find-a-course/all-subject/undergraduate/australia/?page=674'
2026-03-17 17:14:38 [info     ] http_request                   response_time_ms=1234.1 scraper=IDPCourseScraper status_code=200 url='https://www.idp.com/nepal/find-a-course/all-subject/undergraduate/australia/?page=675'
2026-03-17 17:14:39 [info     ] http_request                   response_time_ms=1186.7 scraper=IDPCourseScraper status_code=200 url='https://www.idp.com/nepal/find-a-course/all-subject/undergraduate/australia/?page=676'
2026-03-17 17:14:41 [info     ] http_request                   response_time_ms=1489.2 scraper=IDPCourseScraper status_code=200 url='https://www.idp.com/nepal/find-a-course/all-subject/undergraduate/australia/?page=677'
2026-03-17 17:14:42 [info     ] http_request                   response_time_ms=1437.9 scraper=IDPCourseScraper status_code=200 url='https://www.idp.com/nepal/find-a-course/all-subject/undergraduate/australia/?page=678'
2026-03-17 17:14:43 [info     ] http_request                   response_time_ms=1272.1 scraper=IDPCourseScraper status_code=200 url='https://www.idp.com/nepal/find-a-course/all-subject/undergraduate/australia/?page=679'
2026-03-17 17:14:45 [info     ] http_request                   response_time_ms=1267.6 scraper=IDPCourseScraper status_code=200 url='https://www.idp.com/nepal/find-a-course/all-subject/undergraduate/australia/?page=680'
2026-03-17 17:14:46 [info     ] http_request                   response_time_ms=1487.6 scraper=IDPCourseScraper status_code=200 url='https://www.idp.com/nepal/find-a-course/all-subject/undergraduate/australia/?page=681'
2026-03-17 17:14:48 [info     ] http_request                   response_time_ms=1358.9 scraper=IDPCourseScraper status_code=200 url='https://www.idp.com/nepal/find-a-course/all-subject/undergraduate/australia/?page=682'
2026-03-17 17:14:49 [info     ] http_request                   response_time_ms=1238.4 scraper=IDPCourseScraper status_code=200 url='https://www.idp.com/nepal/find-a-course/all-subject/undergraduate/australia/?page=683'
2026-03-17 17:14:50 [info     ] http_request                   response_time_ms=1246.9 scraper=IDPCourseScraper status_code=200 url='https://www.idp.com/nepal/find-a-course/all-subject/undergraduate/australia/?page=684'
2026-03-17 17:14:51 [info     ] http_request                   response_time_ms=1254.5 scraper=IDPCourseScraper status_code=200 url='https://www.idp.com/nepal/find-a-course/all-subject/undergraduate/australia/?page=685'
2026-03-17 17:14:53 [info     ] http_request                   response_time_ms=1347.8 scraper=IDPCourseScraper status_code=200 url='https://www.idp.com/nepal/find-a-course/all-subject/undergraduate/australia/?page=686'
2026-03-17 17:14:54 [info     ] http_request                   response_time_ms=1273.9 scraper=IDPCourseScraper status_code=200 url='https://www.idp.com/nepal/find-a-course/all-subject/undergraduate/australia/?page=687'
2026-03-17 17:14:56 [info     ] http_request                   response_time_ms=1291.2 scraper=IDPCourseScraper status_code=200 url='https://www.idp.com/nepal/find-a-course/all-subject/undergraduate/australia/?page=688'
2026-03-17 17:14:57 [info     ] http_request                   response_time_ms=1430.9 scraper=IDPCourseScraper status_code=200 url='https://www.idp.com/nepal/find-a-course/all-subject/undergraduate/australia/?page=689'
2026-03-17 17:14:58 [info     ] http_request                   response_time_ms=1176.6 scraper=IDPCourseScraper status_code=200 url='https://www.idp.com/nepal/find-a-course/all-subject/undergraduate/australia/?page=690'
2026-03-17 17:15:00 [info     ] http_request                   response_time_ms=1537.4 scraper=IDPCourseScraper status_code=200 url='https://www.idp.com/nepal/find-a-course/all-subject/undergraduate/australia/?page=691'
2026-03-17 17:15:01 [info     ] http_request                   response_time_ms=1274.5 scraper=IDPCourseScraper status_code=200 url='https://www.idp.com/nepal/find-a-course/all-subject/undergraduate/australia/?page=692'
2026-03-17 17:15:03 [info     ] http_request                   response_time_ms=1400.4 scraper=IDPCourseScraper status_code=200 url='https://www.idp.com/nepal/find-a-course/all-subject/undergraduate/australia/?page=693'
2026-03-17 17:15:04 [info     ] http_request                   response_time_ms=1295.7 scraper=IDPCourseScraper status_code=200 url='https://www.idp.com/nepal/find-a-course/all-subject/undergraduate/australia/?page=694'
2026-03-17 17:15:05 [info     ] http_request                   response_time_ms=1315.8 scraper=IDPCourseScraper status_code=200 url='https://www.idp.com/nepal/find-a-course/all-subject/undergraduate/australia/?page=695'
2026-03-17 17:15:07 [info     ] http_request                   response_time_ms=1323.3 scraper=IDPCourseScraper status_code=200 url='https://www.idp.com/nepal/find-a-course/all-subject/undergraduate/australia/?page=696'
2026-03-17 17:15:08 [info     ] http_request                   response_time_ms=1237.1 scraper=IDPCourseScraper status_code=200 url='https://www.idp.com/nepal/find-a-course/all-subject/undergraduate/australia/?page=697'
2026-03-17 17:15:09 [info     ] http_request                   response_time_ms=824.2 scraper=IDPCourseScraper status_code=200 url='https://www.idp.com/nepal/find-a-course/all-subject/undergraduate/australia/?page=698'
2026-03-17 17:15:10 [info     ] http_request                   response_time_ms=1282.5 scraper=IDPCourseScraper status_code=200 url='https://www.idp.com/nepal/find-a-course/all-subject/undergraduate/australia/?page=699'
2026-03-17 17:15:10 [info     ] pagination_progress            courses_so_far=8388 page=700 scraper=IDPCourseScraper
2026-03-17 17:15:12 [info     ] http_request                   response_time_ms=1296.4 scraper=IDPCourseScraper status_code=200 url='https://www.idp.com/nepal/find-a-course/all-subject/undergraduate/australia/?page=700'
2026-03-17 17:15:13 [info     ] http_request                   response_time_ms=1406.1 scraper=IDPCourseScraper status_code=200 url='https://www.idp.com/nepal/find-a-course/all-subject/undergraduate/australia/?page=701'
2026-03-17 17:15:14 [info     ] http_request                   response_time_ms=1288.8 scraper=IDPCourseScraper status_code=200 url='https://www.idp.com/nepal/find-a-course/all-subject/undergraduate/australia/?page=702'
2026-03-17 17:15:16 [info     ] http_request                   response_time_ms=1160.2 scraper=IDPCourseScraper status_code=200 url='https://www.idp.com/nepal/find-a-course/all-subject/undergraduate/australia/?page=703'
2026-03-17 17:15:17 [info     ] http_request                   response_time_ms=1373.5 scraper=IDPCourseScraper status_code=200 url='https://www.idp.com/nepal/find-a-course/all-subject/undergraduate/australia/?page=704'
2026-03-17 17:15:18 [info     ] http_request                   response_time_ms=1199.4 scraper=IDPCourseScraper status_code=200 url='https://www.idp.com/nepal/find-a-course/all-subject/undergraduate/australia/?page=705'
2026-03-17 17:15:20 [info     ] http_request                   response_time_ms=1267.2 scraper=IDPCourseScraper status_code=200 url='https://www.idp.com/nepal/find-a-course/all-subject/undergraduate/australia/?page=706'
2026-03-17 17:15:21 [info     ] http_request                   response_time_ms=992.9 scraper=IDPCourseScraper status_code=200 url='https://www.idp.com/nepal/find-a-course/all-subject/undergraduate/australia/?page=707'
2026-03-17 17:15:22 [info     ] http_request                   response_time_ms=1397.2 scraper=IDPCourseScraper status_code=200 url='https://www.idp.com/nepal/find-a-course/all-subject/undergraduate/australia/?page=708'
2026-03-17 17:15:23 [info     ] http_request                   response_time_ms=899.5 scraper=IDPCourseScraper status_code=200 url='https://www.idp.com/nepal/find-a-course/all-subject/undergraduate/australia/?page=709'
2026-03-17 17:15:24 [info     ] http_request                   response_time_ms=1225.1 scraper=IDPCourseScraper status_code=200 url='https://www.idp.com/nepal/find-a-course/all-subject/undergraduate/australia/?page=710'
2026-03-17 17:15:26 [info     ] http_request                   response_time_ms=1347.2 scraper=IDPCourseScraper status_code=200 url='https://www.idp.com/nepal/find-a-course/all-subject/undergraduate/australia/?page=711'
2026-03-17 17:15:27 [info     ] http_request                   response_time_ms=1445.6 scraper=IDPCourseScraper status_code=200 url='https://www.idp.com/nepal/find-a-course/all-subject/undergraduate/australia/?page=712'
2026-03-17 17:15:28 [info     ] http_request                   response_time_ms=1217.1 scraper=IDPCourseScraper status_code=200 url='https://www.idp.com/nepal/find-a-course/all-subject/undergraduate/australia/?page=713'
2026-03-17 17:15:30 [info     ] http_request                   response_time_ms=1531.1 scraper=IDPCourseScraper status_code=200 url='https://www.idp.com/nepal/find-a-course/all-subject/undergraduate/australia/?page=714'
2026-03-17 17:15:31 [info     ] http_request                   response_time_ms=1381.6 scraper=IDPCourseScraper status_code=200 url='https://www.idp.com/nepal/find-a-course/all-subject/undergraduate/australia/?page=715'
2026-03-17 17:15:33 [info     ] http_request                   response_time_ms=1548.7 scraper=IDPCourseScraper status_code=200 url='https://www.idp.com/nepal/find-a-course/all-subject/undergraduate/australia/?page=716'
2026-03-17 17:15:35 [info     ] http_request                   response_time_ms=2471.1 scraper=IDPCourseScraper status_code=200 url='https://www.idp.com/nepal/find-a-course/all-subject/undergraduate/australia/?page=717'
2026-03-17 17:15:37 [info     ] http_request                   response_time_ms=1258.6 scraper=IDPCourseScraper status_code=200 url='https://www.idp.com/nepal/find-a-course/all-subject/undergraduate/australia/?page=718'
2026-03-17 17:15:38 [info     ] http_request                   response_time_ms=1286.0 scraper=IDPCourseScraper status_code=200 url='https://www.idp.com/nepal/find-a-course/all-subject/undergraduate/australia/?page=719'
2026-03-17 17:15:39 [info     ] http_request                   response_time_ms=1364.4 scraper=IDPCourseScraper status_code=200 url='https://www.idp.com/nepal/find-a-course/all-subject/undergraduate/australia/?page=720'
2026-03-17 17:15:41 [info     ] http_request                   response_time_ms=1181.2 scraper=IDPCourseScraper status_code=200 url='https://www.idp.com/nepal/find-a-course/all-subject/undergraduate/australia/?page=721'
2026-03-17 17:15:42 [info     ] http_request                   response_time_ms=1532.5 scraper=IDPCourseScraper status_code=200 url='https://www.idp.com/nepal/find-a-course/all-subject/undergraduate/australia/?page=722'
2026-03-17 17:15:44 [info     ] http_request                   response_time_ms=1428.1 scraper=IDPCourseScraper status_code=200 url='https://www.idp.com/nepal/find-a-course/all-subject/undergraduate/australia/?page=723'
2026-03-17 17:15:45 [info     ] http_request                   response_time_ms=1207.7 scraper=IDPCourseScraper status_code=200 url='https://www.idp.com/nepal/find-a-course/all-subject/undergraduate/australia/?page=724'
2026-03-17 17:15:46 [info     ] http_request                   response_time_ms=1365.7 scraper=IDPCourseScraper status_code=200 url='https://www.idp.com/nepal/find-a-course/all-subject/undergraduate/australia/?page=725'
2026-03-17 17:15:48 [info     ] http_request                   response_time_ms=1320.2 scraper=IDPCourseScraper status_code=200 url='https://www.idp.com/nepal/find-a-course/all-subject/undergraduate/australia/?page=726'
2026-03-17 17:15:49 [info     ] http_request                   response_time_ms=1223.7 scraper=IDPCourseScraper status_code=200 url='https://www.idp.com/nepal/find-a-course/all-subject/undergraduate/australia/?page=727'
2026-03-17 17:15:51 [info     ] http_request                   response_time_ms=1438.6 scraper=IDPCourseScraper status_code=200 url='https://www.idp.com/nepal/find-a-course/all-subject/undergraduate/australia/?page=728'
2026-03-17 17:15:52 [info     ] http_request                   response_time_ms=1333.1 scraper=IDPCourseScraper status_code=200 url='https://www.idp.com/nepal/find-a-course/all-subject/undergraduate/australia/?page=729'
2026-03-17 17:15:53 [info     ] http_request                   response_time_ms=1247.1 scraper=IDPCourseScraper status_code=200 url='https://www.idp.com/nepal/find-a-course/all-subject/undergraduate/australia/?page=730'
2026-03-17 17:15:54 [info     ] http_request                   response_time_ms=1237.5 scraper=IDPCourseScraper status_code=200 url='https://www.idp.com/nepal/find-a-course/all-subject/undergraduate/australia/?page=731'
2026-03-17 17:15:56 [info     ] http_request                   response_time_ms=1235.9 scraper=IDPCourseScraper status_code=200 url='https://www.idp.com/nepal/find-a-course/all-subject/undergraduate/australia/?page=732'
2026-03-17 17:15:57 [info     ] http_request                   response_time_ms=1290.7 scraper=IDPCourseScraper status_code=200 url='https://www.idp.com/nepal/find-a-course/all-subject/undergraduate/australia/?page=733'
2026-03-17 17:16:00 [info     ] http_request                   response_time_ms=2536.6 scraper=IDPCourseScraper status_code=200 url='https://www.idp.com/nepal/find-a-course/all-subject/undergraduate/australia/?page=734'
2026-03-17 17:16:01 [info     ] http_request                   response_time_ms=1270.7 scraper=IDPCourseScraper status_code=200 url='https://www.idp.com/nepal/find-a-course/all-subject/undergraduate/australia/?page=735'
2026-03-17 17:16:03 [info     ] http_request                   response_time_ms=1474.8 scraper=IDPCourseScraper status_code=200 url='https://www.idp.com/nepal/find-a-course/all-subject/undergraduate/australia/?page=736'
2026-03-17 17:16:04 [info     ] http_request                   response_time_ms=1265.9 scraper=IDPCourseScraper status_code=200 url='https://www.idp.com/nepal/find-a-course/all-subject/undergraduate/australia/?page=737'
2026-03-17 17:16:05 [info     ] http_request                   response_time_ms=1373.1 scraper=IDPCourseScraper status_code=200 url='https://www.idp.com/nepal/find-a-course/all-subject/undergraduate/australia/?page=738'
2026-03-17 17:16:07 [info     ] http_request                   response_time_ms=1548.1 scraper=IDPCourseScraper status_code=200 url='https://www.idp.com/nepal/find-a-course/all-subject/undergraduate/australia/?page=739'
2026-03-17 17:16:08 [info     ] http_request                   response_time_ms=1207.3 scraper=IDPCourseScraper status_code=200 url='https://www.idp.com/nepal/find-a-course/all-subject/undergraduate/australia/?page=740'
2026-03-17 17:16:09 [info     ] http_request                   response_time_ms=1179.8 scraper=IDPCourseScraper status_code=200 url='https://www.idp.com/nepal/find-a-course/all-subject/undergraduate/australia/?page=741'
2026-03-17 17:16:11 [info     ] http_request                   response_time_ms=1211.7 scraper=IDPCourseScraper status_code=200 url='https://www.idp.com/nepal/find-a-course/all-subject/undergraduate/australia/?page=742'
2026-03-17 17:16:12 [info     ] http_request                   response_time_ms=1594.4 scraper=IDPCourseScraper status_code=200 url='https://www.idp.com/nepal/find-a-course/all-subject/undergraduate/australia/?page=743'
2026-03-17 17:16:14 [info     ] http_request                   response_time_ms=1568.7 scraper=IDPCourseScraper status_code=200 url='https://www.idp.com/nepal/find-a-course/all-subject/undergraduate/australia/?page=744'
2026-03-17 17:16:15 [info     ] http_request                   response_time_ms=1185.4 scraper=IDPCourseScraper status_code=200 url='https://www.idp.com/nepal/find-a-course/all-subject/undergraduate/australia/?page=745'
2026-03-17 17:16:16 [info     ] http_request                   response_time_ms=1255.0 scraper=IDPCourseScraper status_code=200 url='https://www.idp.com/nepal/find-a-course/all-subject/undergraduate/australia/?page=746'
2026-03-17 17:16:18 [info     ] http_request                   response_time_ms=1595.6 scraper=IDPCourseScraper status_code=200 url='https://www.idp.com/nepal/find-a-course/all-subject/undergraduate/australia/?page=747'
2026-03-17 17:16:19 [info     ] http_request                   response_time_ms=1443.0 scraper=IDPCourseScraper status_code=200 url='https://www.idp.com/nepal/find-a-course/all-subject/undergraduate/australia/?page=748'
2026-03-17 17:16:21 [info     ] http_request                   response_time_ms=1287.5 scraper=IDPCourseScraper status_code=200 url='https://www.idp.com/nepal/find-a-course/all-subject/undergraduate/australia/?page=749'
2026-03-17 17:16:21 [info     ] pagination_progress            courses_so_far=8988 page=750 scraper=IDPCourseScraper
2026-03-17 17:16:22 [info     ] http_request                   response_time_ms=1223.3 scraper=IDPCourseScraper status_code=200 url='https://www.idp.com/nepal/find-a-course/all-subject/undergraduate/australia/?page=750'
2026-03-17 17:16:23 [info     ] http_request                   response_time_ms=885.8 scraper=IDPCourseScraper status_code=200 url='https://www.idp.com/nepal/find-a-course/all-subject/undergraduate/australia/?page=751'
2026-03-17 17:16:24 [info     ] http_request                   response_time_ms=1257.1 scraper=IDPCourseScraper status_code=200 url='https://www.idp.com/nepal/find-a-course/all-subject/undergraduate/australia/?page=752'
2026-03-17 17:16:26 [info     ] http_request                   response_time_ms=1343.4 scraper=IDPCourseScraper status_code=200 url='https://www.idp.com/nepal/find-a-course/all-subject/undergraduate/australia/?page=753'
2026-03-17 17:16:27 [info     ] http_request                   response_time_ms=1472.3 scraper=IDPCourseScraper status_code=200 url='https://www.idp.com/nepal/find-a-course/all-subject/undergraduate/australia/?page=754'
2026-03-17 17:16:29 [info     ] http_request                   response_time_ms=1403.7 scraper=IDPCourseScraper status_code=200 url='https://www.idp.com/nepal/find-a-course/all-subject/undergraduate/australia/?page=755'
2026-03-17 17:16:30 [info     ] http_request                   response_time_ms=1210.6 scraper=IDPCourseScraper status_code=200 url='https://www.idp.com/nepal/find-a-course/all-subject/undergraduate/australia/?page=756'
2026-03-17 17:16:31 [info     ] http_request                   response_time_ms=1331.3 scraper=IDPCourseScraper status_code=200 url='https://www.idp.com/nepal/find-a-course/all-subject/undergraduate/australia/?page=757'
2026-03-17 17:16:33 [info     ] http_request                   response_time_ms=1300.0 scraper=IDPCourseScraper status_code=200 url='https://www.idp.com/nepal/find-a-course/all-subject/undergraduate/australia/?page=758'
2026-03-17 17:16:34 [info     ] http_request                   response_time_ms=1204.1 scraper=IDPCourseScraper status_code=200 url='https://www.idp.com/nepal/find-a-course/all-subject/undergraduate/australia/?page=759'
2026-03-17 17:16:36 [info     ] http_request                   response_time_ms=1795.6 scraper=IDPCourseScraper status_code=200 url='https://www.idp.com/nepal/find-a-course/all-subject/undergraduate/australia/?page=760'
2026-03-17 17:16:37 [info     ] http_request                   response_time_ms=1279.2 scraper=IDPCourseScraper status_code=200 url='https://www.idp.com/nepal/find-a-course/all-subject/undergraduate/australia/?page=761'
2026-03-17 17:16:38 [info     ] http_request                   response_time_ms=1336.3 scraper=IDPCourseScraper status_code=200 url='https://www.idp.com/nepal/find-a-course/all-subject/undergraduate/australia/?page=762'
2026-03-17 17:16:39 [info     ] http_request                   response_time_ms=985.7 scraper=IDPCourseScraper status_code=200 url='https://www.idp.com/nepal/find-a-course/all-subject/undergraduate/australia/?page=763'
2026-03-17 17:16:41 [info     ] http_request                   response_time_ms=1213.6 scraper=IDPCourseScraper status_code=200 url='https://www.idp.com/nepal/find-a-course/all-subject/undergraduate/australia/?page=764'
2026-03-17 17:16:42 [info     ] http_request                   response_time_ms=1318.0 scraper=IDPCourseScraper status_code=200 url='https://www.idp.com/nepal/find-a-course/all-subject/undergraduate/australia/?page=765'
2026-03-17 17:16:43 [info     ] http_request                   response_time_ms=884.2 scraper=IDPCourseScraper status_code=200 url='https://www.idp.com/nepal/find-a-course/all-subject/undergraduate/australia/?page=766'
2026-03-17 17:16:45 [info     ] http_request                   response_time_ms=1391.3 scraper=IDPCourseScraper status_code=200 url='https://www.idp.com/nepal/find-a-course/all-subject/undergraduate/australia/?page=767'
2026-03-17 17:16:46 [info     ] http_request                   response_time_ms=1313.0 scraper=IDPCourseScraper status_code=200 url='https://www.idp.com/nepal/find-a-course/all-subject/undergraduate/australia/?page=768'
2026-03-17 17:16:47 [info     ] http_request                   response_time_ms=1544.2 scraper=IDPCourseScraper status_code=200 url='https://www.idp.com/nepal/find-a-course/all-subject/undergraduate/australia/?page=769'
2026-03-17 17:16:49 [info     ] http_request                   response_time_ms=1396.8 scraper=IDPCourseScraper status_code=200 url='https://www.idp.com/nepal/find-a-course/all-subject/undergraduate/australia/?page=770'
2026-03-17 17:16:50 [info     ] http_request                   response_time_ms=1222.5 scraper=IDPCourseScraper status_code=200 url='https://www.idp.com/nepal/find-a-course/all-subject/undergraduate/australia/?page=771'
2026-03-17 17:16:51 [info     ] http_request                   response_time_ms=1244.9 scraper=IDPCourseScraper status_code=200 url='https://www.idp.com/nepal/find-a-course/all-subject/undergraduate/australia/?page=772'
2026-03-17 17:16:53 [info     ] http_request                   response_time_ms=1249.4 scraper=IDPCourseScraper status_code=200 url='https://www.idp.com/nepal/find-a-course/all-subject/undergraduate/australia/?page=773'
2026-03-17 17:16:54 [info     ] http_request                   response_time_ms=1313.1 scraper=IDPCourseScraper status_code=200 url='https://www.idp.com/nepal/find-a-course/all-subject/undergraduate/australia/?page=774'
2026-03-17 17:16:56 [info     ] http_request                   response_time_ms=1527.8 scraper=IDPCourseScraper status_code=200 url='https://www.idp.com/nepal/find-a-course/all-subject/undergraduate/australia/?page=775'
2026-03-17 17:16:57 [info     ] http_request                   response_time_ms=1355.9 scraper=IDPCourseScraper status_code=200 url='https://www.idp.com/nepal/find-a-course/all-subject/undergraduate/australia/?page=776'
2026-03-17 17:16:58 [info     ] http_request                   response_time_ms=1271.8 scraper=IDPCourseScraper status_code=200 url='https://www.idp.com/nepal/find-a-course/all-subject/undergraduate/australia/?page=777'
2026-03-17 17:16:59 [info     ] http_request                   response_time_ms=946.5 scraper=IDPCourseScraper status_code=200 url='https://www.idp.com/nepal/find-a-course/all-subject/undergraduate/australia/?page=778'
2026-03-17 17:17:01 [info     ] http_request                   response_time_ms=1213.8 scraper=IDPCourseScraper status_code=200 url='https://www.idp.com/nepal/find-a-course/all-subject/undergraduate/australia/?page=779'
2026-03-17 17:17:02 [info     ] http_request                   response_time_ms=1345.3 scraper=IDPCourseScraper status_code=200 url='https://www.idp.com/nepal/find-a-course/all-subject/undergraduate/australia/?page=780'
2026-03-17 17:17:04 [info     ] http_request                   response_time_ms=1519.0 scraper=IDPCourseScraper status_code=200 url='https://www.idp.com/nepal/find-a-course/all-subject/undergraduate/australia/?page=781'
2026-03-17 17:17:05 [info     ] http_request                   response_time_ms=1385.1 scraper=IDPCourseScraper status_code=200 url='https://www.idp.com/nepal/find-a-course/all-subject/undergraduate/australia/?page=782'
2026-03-17 17:17:07 [info     ] http_request                   response_time_ms=1590.9 scraper=IDPCourseScraper status_code=200 url='https://www.idp.com/nepal/find-a-course/all-subject/undergraduate/australia/?page=783'
2026-03-17 17:17:08 [info     ] http_request                   response_time_ms=1277.0 scraper=IDPCourseScraper status_code=200 url='https://www.idp.com/nepal/find-a-course/all-subject/undergraduate/australia/?page=784'
2026-03-17 17:17:09 [info     ] http_request                   response_time_ms=926.9 scraper=IDPCourseScraper status_code=200 url='https://www.idp.com/nepal/find-a-course/all-subject/undergraduate/australia/?page=785'
2026-03-17 17:17:10 [info     ] http_request                   response_time_ms=1282.4 scraper=IDPCourseScraper status_code=200 url='https://www.idp.com/nepal/find-a-course/all-subject/undergraduate/australia/?page=786'
2026-03-17 17:17:12 [info     ] http_request                   response_time_ms=1266.6 scraper=IDPCourseScraper status_code=200 url='https://www.idp.com/nepal/find-a-course/all-subject/undergraduate/australia/?page=787'
2026-03-17 17:17:13 [info     ] http_request                   response_time_ms=1242.4 scraper=IDPCourseScraper status_code=200 url='https://www.idp.com/nepal/find-a-course/all-subject/undergraduate/australia/?page=788'
2026-03-17 17:17:14 [info     ] http_request                   response_time_ms=1290.4 scraper=IDPCourseScraper status_code=200 url='https://www.idp.com/nepal/find-a-course/all-subject/undergraduate/australia/?page=789'
2026-03-17 17:17:16 [info     ] http_request                   response_time_ms=1235.3 scraper=IDPCourseScraper status_code=200 url='https://www.idp.com/nepal/find-a-course/all-subject/undergraduate/australia/?page=790'
2026-03-17 17:17:17 [info     ] http_request                   response_time_ms=1415.0 scraper=IDPCourseScraper status_code=200 url='https://www.idp.com/nepal/find-a-course/all-subject/undergraduate/australia/?page=791'
2026-03-17 17:17:18 [info     ] http_request                   response_time_ms=1254.2 scraper=IDPCourseScraper status_code=200 url='https://www.idp.com/nepal/find-a-course/all-subject/undergraduate/australia/?page=792'
2026-03-17 17:17:19 [info     ] http_request                   response_time_ms=1186.1 scraper=IDPCourseScraper status_code=200 url='https://www.idp.com/nepal/find-a-course/all-subject/undergraduate/australia/?page=793'
2026-03-17 17:17:21 [info     ] http_request                   response_time_ms=1303.7 scraper=IDPCourseScraper status_code=200 url='https://www.idp.com/nepal/find-a-course/all-subject/undergraduate/australia/?page=794'
2026-03-17 17:17:22 [info     ] http_request                   response_time_ms=1227.5 scraper=IDPCourseScraper status_code=200 url='https://www.idp.com/nepal/find-a-course/all-subject/undergraduate/australia/?page=795'
2026-03-17 17:17:24 [info     ] http_request                   response_time_ms=1405.4 scraper=IDPCourseScraper status_code=200 url='https://www.idp.com/nepal/find-a-course/all-subject/undergraduate/australia/?page=796'
2026-03-17 17:17:25 [info     ] http_request                   response_time_ms=1488.0 scraper=IDPCourseScraper status_code=200 url='https://www.idp.com/nepal/find-a-course/all-subject/undergraduate/australia/?page=797'
2026-03-17 17:17:26 [info     ] http_request                   response_time_ms=1226.4 scraper=IDPCourseScraper status_code=200 url='https://www.idp.com/nepal/find-a-course/all-subject/undergraduate/australia/?page=798'
2026-03-17 17:17:28 [info     ] http_request                   response_time_ms=1236.4 scraper=IDPCourseScraper status_code=200 url='https://www.idp.com/nepal/find-a-course/all-subject/undergraduate/australia/?page=799'
2026-03-17 17:17:28 [info     ] pagination_progress            courses_so_far=9588 page=800 scraper=IDPCourseScraper
2026-03-17 17:17:29 [info     ] http_request                   response_time_ms=1266.8 scraper=IDPCourseScraper status_code=200 url='https://www.idp.com/nepal/find-a-course/all-subject/undergraduate/australia/?page=800'
2026-03-17 17:17:31 [info     ] http_request                   response_time_ms=1543.9 scraper=IDPCourseScraper status_code=200 url='https://www.idp.com/nepal/find-a-course/all-subject/undergraduate/australia/?page=801'
2026-03-17 17:17:32 [info     ] http_request                   response_time_ms=1184.6 scraper=IDPCourseScraper status_code=200 url='https://www.idp.com/nepal/find-a-course/all-subject/undergraduate/australia/?page=802'
2026-03-17 17:17:33 [info     ] http_request                   response_time_ms=1434.9 scraper=IDPCourseScraper status_code=200 url='https://www.idp.com/nepal/find-a-course/all-subject/undergraduate/australia/?page=803'
2026-03-17 17:17:35 [info     ] http_request                   response_time_ms=1465.1 scraper=IDPCourseScraper status_code=200 url='https://www.idp.com/nepal/find-a-course/all-subject/undergraduate/australia/?page=804'
2026-03-17 17:17:36 [info     ] http_request                   response_time_ms=1267.2 scraper=IDPCourseScraper status_code=200 url='https://www.idp.com/nepal/find-a-course/all-subject/undergraduate/australia/?page=805'
2026-03-17 17:17:37 [info     ] http_request                   response_time_ms=1247.5 scraper=IDPCourseScraper status_code=200 url='https://www.idp.com/nepal/find-a-course/all-subject/undergraduate/australia/?page=806'
2026-03-17 17:17:39 [info     ] http_request                   response_time_ms=1776.4 scraper=IDPCourseScraper status_code=200 url='https://www.idp.com/nepal/find-a-course/all-subject/undergraduate/australia/?page=807'
2026-03-17 17:17:41 [info     ] http_request                   response_time_ms=1416.1 scraper=IDPCourseScraper status_code=200 url='https://www.idp.com/nepal/find-a-course/all-subject/undergraduate/australia/?page=808'
2026-03-17 17:17:42 [info     ] http_request                   response_time_ms=1254.8 scraper=IDPCourseScraper status_code=200 url='https://www.idp.com/nepal/find-a-course/all-subject/undergraduate/australia/?page=809'
2026-03-17 17:17:43 [info     ] http_request                   response_time_ms=1366.8 scraper=IDPCourseScraper status_code=200 url='https://www.idp.com/nepal/find-a-course/all-subject/undergraduate/australia/?page=810'
2026-03-17 17:17:45 [info     ] http_request                   response_time_ms=1209.4 scraper=IDPCourseScraper status_code=200 url='https://www.idp.com/nepal/find-a-course/all-subject/undergraduate/australia/?page=811'
2026-03-17 17:17:46 [info     ] http_request                   response_time_ms=1182.9 scraper=IDPCourseScraper status_code=200 url='https://www.idp.com/nepal/find-a-course/all-subject/undergraduate/australia/?page=812'
2026-03-17 17:17:47 [info     ] http_request                   response_time_ms=1305.0 scraper=IDPCourseScraper status_code=200 url='https://www.idp.com/nepal/find-a-course/all-subject/undergraduate/australia/?page=813'
2026-03-17 17:17:48 [info     ] http_request                   response_time_ms=1251.3 scraper=IDPCourseScraper status_code=200 url='https://www.idp.com/nepal/find-a-course/all-subject/undergraduate/australia/?page=814'
2026-03-17 17:17:50 [info     ] http_request                   response_time_ms=1318.2 scraper=IDPCourseScraper status_code=200 url='https://www.idp.com/nepal/find-a-course/all-subject/undergraduate/australia/?page=815'
2026-03-17 17:17:51 [info     ] http_request                   response_time_ms=1513.6 scraper=IDPCourseScraper status_code=200 url='https://www.idp.com/nepal/find-a-course/all-subject/undergraduate/australia/?page=816'
2026-03-17 17:17:53 [info     ] http_request                   response_time_ms=1168.8 scraper=IDPCourseScraper status_code=200 url='https://www.idp.com/nepal/find-a-course/all-subject/undergraduate/australia/?page=817'
2026-03-17 17:17:54 [info     ] http_request                   response_time_ms=1219.6 scraper=IDPCourseScraper status_code=200 url='https://www.idp.com/nepal/find-a-course/all-subject/undergraduate/australia/?page=818'
2026-03-17 17:17:55 [info     ] http_request                   response_time_ms=1512.6 scraper=IDPCourseScraper status_code=200 url='https://www.idp.com/nepal/find-a-course/all-subject/undergraduate/australia/?page=819'
2026-03-17 17:17:58 [info     ] http_request                   response_time_ms=2322.4 scraper=IDPCourseScraper status_code=200 url='https://www.idp.com/nepal/find-a-course/all-subject/undergraduate/australia/?page=820'
2026-03-17 17:17:59 [info     ] http_request                   response_time_ms=1319.2 scraper=IDPCourseScraper status_code=200 url='https://www.idp.com/nepal/find-a-course/all-subject/undergraduate/australia/?page=821'
2026-03-17 17:18:00 [info     ] http_request                   response_time_ms=1315.8 scraper=IDPCourseScraper status_code=200 url='https://www.idp.com/nepal/find-a-course/all-subject/undergraduate/australia/?page=822'
2026-03-17 17:18:02 [info     ] http_request                   response_time_ms=1628.6 scraper=IDPCourseScraper status_code=200 url='https://www.idp.com/nepal/find-a-course/all-subject/undergraduate/australia/?page=823'
2026-03-17 17:18:03 [info     ] http_request                   response_time_ms=1283.7 scraper=IDPCourseScraper status_code=200 url='https://www.idp.com/nepal/find-a-course/all-subject/undergraduate/australia/?page=824'
2026-03-17 17:18:05 [info     ] http_request                   response_time_ms=1489.0 scraper=IDPCourseScraper status_code=200 url='https://www.idp.com/nepal/find-a-course/all-subject/undergraduate/australia/?page=825'
2026-03-17 17:18:07 [info     ] http_request                   response_time_ms=1693.8 scraper=IDPCourseScraper status_code=200 url='https://www.idp.com/nepal/find-a-course/all-subject/undergraduate/australia/?page=826'
2026-03-17 17:18:08 [info     ] http_request                   response_time_ms=1335.6 scraper=IDPCourseScraper status_code=200 url='https://www.idp.com/nepal/find-a-course/all-subject/undergraduate/australia/?page=827'
2026-03-17 17:18:10 [info     ] http_request                   response_time_ms=1444.7 scraper=IDPCourseScraper status_code=200 url='https://www.idp.com/nepal/find-a-course/all-subject/undergraduate/australia/?page=828'
2026-03-17 17:18:11 [info     ] http_request                   response_time_ms=1247.5 scraper=IDPCourseScraper status_code=200 url='https://www.idp.com/nepal/find-a-course/all-subject/undergraduate/australia/?page=829'
2026-03-17 17:18:12 [info     ] http_request                   response_time_ms=1563.9 scraper=IDPCourseScraper status_code=200 url='https://www.idp.com/nepal/find-a-course/all-subject/undergraduate/australia/?page=830'
2026-03-17 17:18:14 [info     ] http_request                   response_time_ms=1438.1 scraper=IDPCourseScraper status_code=200 url='https://www.idp.com/nepal/find-a-course/all-subject/undergraduate/australia/?page=831'
2026-03-17 17:18:15 [info     ] http_request                   response_time_ms=1371.3 scraper=IDPCourseScraper status_code=200 url='https://www.idp.com/nepal/find-a-course/all-subject/undergraduate/australia/?page=832'
2026-03-17 17:18:17 [info     ] http_request                   response_time_ms=1438.5 scraper=IDPCourseScraper status_code=200 url='https://www.idp.com/nepal/find-a-course/all-subject/undergraduate/australia/?page=833'
2026-03-17 17:18:18 [info     ] http_request                   response_time_ms=1438.8 scraper=IDPCourseScraper status_code=200 url='https://www.idp.com/nepal/find-a-course/all-subject/undergraduate/australia/?page=834'
2026-03-17 17:18:20 [info     ] http_request                   response_time_ms=1299.1 scraper=IDPCourseScraper status_code=200 url='https://www.idp.com/nepal/find-a-course/all-subject/undergraduate/australia/?page=835'
2026-03-17 17:18:21 [info     ] http_request                   response_time_ms=1223.6 scraper=IDPCourseScraper status_code=200 url='https://www.idp.com/nepal/find-a-course/all-subject/undergraduate/australia/?page=836'
2026-03-17 17:18:22 [info     ] http_request                   response_time_ms=1270.9 scraper=IDPCourseScraper status_code=200 url='https://www.idp.com/nepal/find-a-course/all-subject/undergraduate/australia/?page=837'
2026-03-17 17:18:24 [info     ] http_request                   response_time_ms=1682.5 scraper=IDPCourseScraper status_code=200 url='https://www.idp.com/nepal/find-a-course/all-subject/undergraduate/australia/?page=838'
2026-03-17 17:18:25 [info     ] http_request                   response_time_ms=1218.3 scraper=IDPCourseScraper status_code=200 url='https://www.idp.com/nepal/find-a-course/all-subject/undergraduate/australia/?page=839'
2026-03-17 17:18:26 [info     ] http_request                   response_time_ms=1177.1 scraper=IDPCourseScraper status_code=200 url='https://www.idp.com/nepal/find-a-course/all-subject/undergraduate/australia/?page=840'
2026-03-17 17:18:28 [info     ] http_request                   response_time_ms=1238.4 scraper=IDPCourseScraper status_code=200 url='https://www.idp.com/nepal/find-a-course/all-subject/undergraduate/australia/?page=841'
2026-03-17 17:18:29 [info     ] http_request                   response_time_ms=1199.2 scraper=IDPCourseScraper status_code=200 url='https://www.idp.com/nepal/find-a-course/all-subject/undergraduate/australia/?page=842'
2026-03-17 17:18:30 [info     ] http_request                   response_time_ms=1292.8 scraper=IDPCourseScraper status_code=200 url='https://www.idp.com/nepal/find-a-course/all-subject/undergraduate/australia/?page=843'
2026-03-17 17:18:32 [info     ] http_request                   response_time_ms=1464.8 scraper=IDPCourseScraper status_code=200 url='https://www.idp.com/nepal/find-a-course/all-subject/undergraduate/australia/?page=844'
2026-03-17 17:18:33 [info     ] http_request                   response_time_ms=1304.2 scraper=IDPCourseScraper status_code=200 url='https://www.idp.com/nepal/find-a-course/all-subject/undergraduate/australia/?page=845'
2026-03-17 17:18:35 [info     ] http_request                   response_time_ms=1452.4 scraper=IDPCourseScraper status_code=200 url='https://www.idp.com/nepal/find-a-course/all-subject/undergraduate/australia/?page=846'
2026-03-17 17:18:36 [info     ] http_request                   response_time_ms=1421.8 scraper=IDPCourseScraper status_code=200 url='https://www.idp.com/nepal/find-a-course/all-subject/undergraduate/australia/?page=847'
2026-03-17 17:18:37 [info     ] http_request                   response_time_ms=1270.3 scraper=IDPCourseScraper status_code=200 url='https://www.idp.com/nepal/find-a-course/all-subject/undergraduate/australia/?page=848'
2026-03-17 17:18:39 [info     ] http_request                   response_time_ms=1221.8 scraper=IDPCourseScraper status_code=200 url='https://www.idp.com/nepal/find-a-course/all-subject/undergraduate/australia/?page=849'
2026-03-17 17:18:39 [info     ] pagination_progress            courses_so_far=10188 page=850 scraper=IDPCourseScraper
2026-03-17 17:18:40 [info     ] http_request                   response_time_ms=1437.9 scraper=IDPCourseScraper status_code=200 url='https://www.idp.com/nepal/find-a-course/all-subject/undergraduate/australia/?page=850'
2026-03-17 17:18:42 [info     ] http_request                   response_time_ms=1569.8 scraper=IDPCourseScraper status_code=200 url='https://www.idp.com/nepal/find-a-course/all-subject/undergraduate/australia/?page=851'
2026-03-17 17:18:43 [info     ] http_request                   response_time_ms=1290.1 scraper=IDPCourseScraper status_code=200 url='https://www.idp.com/nepal/find-a-course/all-subject/undergraduate/australia/?page=852'
2026-03-17 17:18:45 [info     ] http_request                   response_time_ms=1455.8 scraper=IDPCourseScraper status_code=200 url='https://www.idp.com/nepal/find-a-course/all-subject/undergraduate/australia/?page=853'
2026-03-17 17:18:46 [info     ] http_request                   response_time_ms=1212.5 scraper=IDPCourseScraper status_code=200 url='https://www.idp.com/nepal/find-a-course/all-subject/undergraduate/australia/?page=854'
2026-03-17 17:18:47 [info     ] http_request                   response_time_ms=1240.2 scraper=IDPCourseScraper status_code=200 url='https://www.idp.com/nepal/find-a-course/all-subject/undergraduate/australia/?page=855'
2026-03-17 17:18:48 [info     ] http_request                   response_time_ms=1245.1 scraper=IDPCourseScraper status_code=200 url='https://www.idp.com/nepal/find-a-course/all-subject/undergraduate/australia/?page=856'
2026-03-17 17:18:50 [info     ] http_request                   response_time_ms=1283.1 scraper=IDPCourseScraper status_code=200 url='https://www.idp.com/nepal/find-a-course/all-subject/undergraduate/australia/?page=857'
2026-03-17 17:18:51 [info     ] http_request                   response_time_ms=1226.2 scraper=IDPCourseScraper status_code=200 url='https://www.idp.com/nepal/find-a-course/all-subject/undergraduate/australia/?page=858'
2026-03-17 17:18:53 [info     ] http_request                   response_time_ms=1437.9 scraper=IDPCourseScraper status_code=200 url='https://www.idp.com/nepal/find-a-course/all-subject/undergraduate/australia/?page=859'
2026-03-17 17:18:54 [info     ] http_request                   response_time_ms=1404.2 scraper=IDPCourseScraper status_code=200 url='https://www.idp.com/nepal/find-a-course/all-subject/undergraduate/australia/?page=860'
2026-03-17 17:18:55 [info     ] http_request                   response_time_ms=1284.8 scraper=IDPCourseScraper status_code=200 url='https://www.idp.com/nepal/find-a-course/all-subject/undergraduate/australia/?page=861'
2026-03-17 17:18:57 [info     ] http_request                   response_time_ms=1206.7 scraper=IDPCourseScraper status_code=200 url='https://www.idp.com/nepal/find-a-course/all-subject/undergraduate/australia/?page=862'
2026-03-17 17:18:58 [info     ] http_request                   response_time_ms=1322.7 scraper=IDPCourseScraper status_code=200 url='https://www.idp.com/nepal/find-a-course/all-subject/undergraduate/australia/?page=863'
2026-03-17 17:18:59 [info     ] http_request                   response_time_ms=1288.7 scraper=IDPCourseScraper status_code=200 url='https://www.idp.com/nepal/find-a-course/all-subject/undergraduate/australia/?page=864'
2026-03-17 17:19:01 [info     ] http_request                   response_time_ms=1235.0 scraper=IDPCourseScraper status_code=200 url='https://www.idp.com/nepal/find-a-course/all-subject/undergraduate/australia/?page=865'
2026-03-17 17:19:02 [info     ] http_request                   response_time_ms=1734.6 scraper=IDPCourseScraper status_code=200 url='https://www.idp.com/nepal/find-a-course/all-subject/undergraduate/australia/?page=866'
2026-03-17 17:19:04 [info     ] http_request                   response_time_ms=1245.9 scraper=IDPCourseScraper status_code=200 url='https://www.idp.com/nepal/find-a-course/all-subject/undergraduate/australia/?page=867'
2026-03-17 17:19:05 [info     ] http_request                   response_time_ms=1248.9 scraper=IDPCourseScraper status_code=200 url='https://www.idp.com/nepal/find-a-course/all-subject/undergraduate/australia/?page=868'
2026-03-17 17:19:06 [info     ] http_request                   response_time_ms=1312.2 scraper=IDPCourseScraper status_code=200 url='https://www.idp.com/nepal/find-a-course/all-subject/undergraduate/australia/?page=869'
2026-03-17 17:19:08 [info     ] http_request                   response_time_ms=1330.4 scraper=IDPCourseScraper status_code=200 url='https://www.idp.com/nepal/find-a-course/all-subject/undergraduate/australia/?page=870'
2026-03-17 17:19:09 [info     ] http_request                   response_time_ms=1262.5 scraper=IDPCourseScraper status_code=200 url='https://www.idp.com/nepal/find-a-course/all-subject/undergraduate/australia/?page=871'
2026-03-17 17:19:10 [info     ] http_request                   response_time_ms=1280.0 scraper=IDPCourseScraper status_code=200 url='https://www.idp.com/nepal/find-a-course/all-subject/undergraduate/australia/?page=872'
2026-03-17 17:19:11 [info     ] http_request                   response_time_ms=1209.9 scraper=IDPCourseScraper status_code=200 url='https://www.idp.com/nepal/find-a-course/all-subject/undergraduate/australia/?page=873'
2026-03-17 17:19:13 [info     ] http_request                   response_time_ms=1262.2 scraper=IDPCourseScraper status_code=200 url='https://www.idp.com/nepal/find-a-course/all-subject/undergraduate/australia/?page=874'
2026-03-17 17:19:14 [info     ] http_request                   response_time_ms=1287.4 scraper=IDPCourseScraper status_code=200 url='https://www.idp.com/nepal/find-a-course/all-subject/undergraduate/australia/?page=875'
2026-03-17 17:19:15 [info     ] http_request                   response_time_ms=1270.0 scraper=IDPCourseScraper status_code=200 url='https://www.idp.com/nepal/find-a-course/all-subject/undergraduate/australia/?page=876'
2026-03-17 17:19:17 [info     ] http_request                   response_time_ms=1370.4 scraper=IDPCourseScraper status_code=200 url='https://www.idp.com/nepal/find-a-course/all-subject/undergraduate/australia/?page=877'
2026-03-17 17:19:18 [info     ] http_request                   response_time_ms=1279.2 scraper=IDPCourseScraper status_code=200 url='https://www.idp.com/nepal/find-a-course/all-subject/undergraduate/australia/?page=878'
2026-03-17 17:19:19 [info     ] http_request                   response_time_ms=1219.4 scraper=IDPCourseScraper status_code=200 url='https://www.idp.com/nepal/find-a-course/all-subject/undergraduate/australia/?page=879'
2026-03-17 17:19:21 [info     ] http_request                   response_time_ms=1215.8 scraper=IDPCourseScraper status_code=200 url='https://www.idp.com/nepal/find-a-course/all-subject/undergraduate/australia/?page=880'
2026-03-17 17:19:22 [info     ] http_request                   response_time_ms=1234.7 scraper=IDPCourseScraper status_code=200 url='https://www.idp.com/nepal/find-a-course/all-subject/undergraduate/australia/?page=881'
2026-03-17 17:19:24 [info     ] http_request                   response_time_ms=1509.6 scraper=IDPCourseScraper status_code=200 url='https://www.idp.com/nepal/find-a-course/all-subject/undergraduate/australia/?page=882'
2026-03-17 17:19:25 [info     ] http_request                   response_time_ms=1331.9 scraper=IDPCourseScraper status_code=200 url='https://www.idp.com/nepal/find-a-course/all-subject/undergraduate/australia/?page=883'
2026-03-17 17:19:26 [info     ] http_request                   response_time_ms=1214.7 scraper=IDPCourseScraper status_code=200 url='https://www.idp.com/nepal/find-a-course/all-subject/undergraduate/australia/?page=884'
2026-03-17 17:19:28 [info     ] http_request                   response_time_ms=1370.2 scraper=IDPCourseScraper status_code=200 url='https://www.idp.com/nepal/find-a-course/all-subject/undergraduate/australia/?page=885'
2026-03-17 17:19:29 [info     ] http_request                   response_time_ms=1346.0 scraper=IDPCourseScraper status_code=200 url='https://www.idp.com/nepal/find-a-course/all-subject/undergraduate/australia/?page=886'
2026-03-17 17:19:30 [info     ] http_request                   response_time_ms=1286.4 scraper=IDPCourseScraper status_code=200 url='https://www.idp.com/nepal/find-a-course/all-subject/undergraduate/australia/?page=887'
2026-03-17 17:19:32 [info     ] http_request                   response_time_ms=1262.6 scraper=IDPCourseScraper status_code=200 url='https://www.idp.com/nepal/find-a-course/all-subject/undergraduate/australia/?page=888'
2026-03-17 17:19:33 [info     ] http_request                   response_time_ms=1214.8 scraper=IDPCourseScraper status_code=200 url='https://www.idp.com/nepal/find-a-course/all-subject/undergraduate/australia/?page=889'
2026-03-17 17:19:34 [info     ] http_request                   response_time_ms=1326.2 scraper=IDPCourseScraper status_code=200 url='https://www.idp.com/nepal/find-a-course/all-subject/undergraduate/australia/?page=890'
2026-03-17 17:19:35 [info     ] http_request                   response_time_ms=1192.4 scraper=IDPCourseScraper status_code=200 url='https://www.idp.com/nepal/find-a-course/all-subject/undergraduate/australia/?page=891'
2026-03-17 17:19:37 [info     ] http_request                   response_time_ms=1619.9 scraper=IDPCourseScraper status_code=200 url='https://www.idp.com/nepal/find-a-course/all-subject/undergraduate/australia/?page=892'
2026-03-17 17:19:38 [info     ] http_request                   response_time_ms=1317.6 scraper=IDPCourseScraper status_code=200 url='https://www.idp.com/nepal/find-a-course/all-subject/undergraduate/australia/?page=893'
2026-03-17 17:19:40 [info     ] http_request                   response_time_ms=1359.5 scraper=IDPCourseScraper status_code=200 url='https://www.idp.com/nepal/find-a-course/all-subject/undergraduate/australia/?page=894'
2026-03-17 17:19:41 [info     ] http_request                   response_time_ms=1537.0 scraper=IDPCourseScraper status_code=200 url='https://www.idp.com/nepal/find-a-course/all-subject/undergraduate/australia/?page=895'
2026-03-17 17:19:43 [info     ] http_request                   response_time_ms=1215.4 scraper=IDPCourseScraper status_code=200 url='https://www.idp.com/nepal/find-a-course/all-subject/undergraduate/australia/?page=896'
2026-03-17 17:19:44 [info     ] http_request                   response_time_ms=1228.6 scraper=IDPCourseScraper status_code=200 url='https://www.idp.com/nepal/find-a-course/all-subject/undergraduate/australia/?page=897'
2026-03-17 17:19:45 [info     ] http_request                   response_time_ms=1353.9 scraper=IDPCourseScraper status_code=200 url='https://www.idp.com/nepal/find-a-course/all-subject/undergraduate/australia/?page=898'
2026-03-17 17:19:47 [info     ] http_request                   response_time_ms=1507.3 scraper=IDPCourseScraper status_code=200 url='https://www.idp.com/nepal/find-a-course/all-subject/undergraduate/australia/?page=899'
2026-03-17 17:19:47 [info     ] pagination_progress            courses_so_far=10788 page=900 scraper=IDPCourseScraper
2026-03-17 17:19:48 [info     ] http_request                   response_time_ms=1186.5 scraper=IDPCourseScraper status_code=200 url='https://www.idp.com/nepal/find-a-course/all-subject/undergraduate/australia/?page=900'
2026-03-17 17:19:50 [info     ] http_request                   response_time_ms=1395.0 scraper=IDPCourseScraper status_code=200 url='https://www.idp.com/nepal/find-a-course/all-subject/undergraduate/australia/?page=901'
2026-03-17 17:19:51 [info     ] http_request                   response_time_ms=1286.2 scraper=IDPCourseScraper status_code=200 url='https://www.idp.com/nepal/find-a-course/all-subject/undergraduate/australia/?page=902'
2026-03-17 17:19:52 [info     ] http_request                   response_time_ms=1329.6 scraper=IDPCourseScraper status_code=200 url='https://www.idp.com/nepal/find-a-course/all-subject/undergraduate/australia/?page=903'
2026-03-17 17:19:54 [info     ] http_request                   response_time_ms=1343.1 scraper=IDPCourseScraper status_code=200 url='https://www.idp.com/nepal/find-a-course/all-subject/undergraduate/australia/?page=904'
2026-03-17 17:19:56 [info     ] http_request                   response_time_ms=2169.2 scraper=IDPCourseScraper status_code=200 url='https://www.idp.com/nepal/find-a-course/all-subject/undergraduate/australia/?page=905'
2026-03-17 17:19:57 [info     ] http_request                   response_time_ms=1424.6 scraper=IDPCourseScraper status_code=200 url='https://www.idp.com/nepal/find-a-course/all-subject/undergraduate/australia/?page=906'
2026-03-17 17:19:59 [info     ] http_request                   response_time_ms=1233.2 scraper=IDPCourseScraper status_code=200 url='https://www.idp.com/nepal/find-a-course/all-subject/undergraduate/australia/?page=907'
2026-03-17 17:20:00 [info     ] http_request                   response_time_ms=1754.9 scraper=IDPCourseScraper status_code=200 url='https://www.idp.com/nepal/find-a-course/all-subject/undergraduate/australia/?page=908'
2026-03-17 17:20:02 [info     ] http_request                   response_time_ms=1279.4 scraper=IDPCourseScraper status_code=200 url='https://www.idp.com/nepal/find-a-course/all-subject/undergraduate/australia/?page=909'
2026-03-17 17:20:03 [info     ] http_request                   response_time_ms=1440.6 scraper=IDPCourseScraper status_code=200 url='https://www.idp.com/nepal/find-a-course/all-subject/undergraduate/australia/?page=910'
2026-03-17 17:20:05 [info     ] http_request                   response_time_ms=1378.0 scraper=IDPCourseScraper status_code=200 url='https://www.idp.com/nepal/find-a-course/all-subject/undergraduate/australia/?page=911'
2026-03-17 17:20:06 [info     ] http_request                   response_time_ms=1401.0 scraper=IDPCourseScraper status_code=200 url='https://www.idp.com/nepal/find-a-course/all-subject/undergraduate/australia/?page=912'
2026-03-17 17:20:07 [info     ] http_request                   response_time_ms=1119.0 scraper=IDPCourseScraper status_code=200 url='https://www.idp.com/nepal/find-a-course/all-subject/undergraduate/australia/?page=913'
2026-03-17 17:20:09 [info     ] http_request                   response_time_ms=1274.9 scraper=IDPCourseScraper status_code=200 url='https://www.idp.com/nepal/find-a-course/all-subject/undergraduate/australia/?page=914'
2026-03-17 17:20:10 [info     ] http_request                   response_time_ms=1284.4 scraper=IDPCourseScraper status_code=200 url='https://www.idp.com/nepal/find-a-course/all-subject/undergraduate/australia/?page=915'
2026-03-17 17:20:11 [info     ] http_request                   response_time_ms=1358.6 scraper=IDPCourseScraper status_code=200 url='https://www.idp.com/nepal/find-a-course/all-subject/undergraduate/australia/?page=916'
2026-03-17 17:20:13 [info     ] http_request                   response_time_ms=1214.7 scraper=IDPCourseScraper status_code=200 url='https://www.idp.com/nepal/find-a-course/all-subject/undergraduate/australia/?page=917'
2026-03-17 17:20:14 [info     ] http_request                   response_time_ms=1227.9 scraper=IDPCourseScraper status_code=200 url='https://www.idp.com/nepal/find-a-course/all-subject/undergraduate/australia/?page=918'
2026-03-17 17:20:15 [info     ] http_request                   response_time_ms=1276.4 scraper=IDPCourseScraper status_code=200 url='https://www.idp.com/nepal/find-a-course/all-subject/undergraduate/australia/?page=919'
2026-03-17 17:20:17 [info     ] http_request                   response_time_ms=1318.3 scraper=IDPCourseScraper status_code=200 url='https://www.idp.com/nepal/find-a-course/all-subject/undergraduate/australia/?page=920'
2026-03-17 17:20:18 [info     ] http_request                   response_time_ms=1298.0 scraper=IDPCourseScraper status_code=200 url='https://www.idp.com/nepal/find-a-course/all-subject/undergraduate/australia/?page=921'
2026-03-17 17:20:19 [info     ] http_request                   response_time_ms=925.8 scraper=IDPCourseScraper status_code=200 url='https://www.idp.com/nepal/find-a-course/all-subject/undergraduate/australia/?page=922'
2026-03-17 17:20:21 [info     ] http_request                   response_time_ms=1866.7 scraper=IDPCourseScraper status_code=200 url='https://www.idp.com/nepal/find-a-course/all-subject/undergraduate/australia/?page=923'
2026-03-17 17:20:22 [info     ] http_request                   response_time_ms=1359.2 scraper=IDPCourseScraper status_code=200 url='https://www.idp.com/nepal/find-a-course/all-subject/undergraduate/australia/?page=924'
2026-03-17 17:20:23 [info     ] http_request                   response_time_ms=1215.3 scraper=IDPCourseScraper status_code=200 url='https://www.idp.com/nepal/find-a-course/all-subject/undergraduate/australia/?page=925'
2026-03-17 17:20:25 [info     ] http_request                   response_time_ms=1235.1 scraper=IDPCourseScraper status_code=200 url='https://www.idp.com/nepal/find-a-course/all-subject/undergraduate/australia/?page=926'
2026-03-17 17:20:26 [info     ] http_request                   response_time_ms=1221.5 scraper=IDPCourseScraper status_code=200 url='https://www.idp.com/nepal/find-a-course/all-subject/undergraduate/australia/?page=927'
2026-03-17 17:20:27 [info     ] http_request                   response_time_ms=1094.7 scraper=IDPCourseScraper status_code=200 url='https://www.idp.com/nepal/find-a-course/all-subject/undergraduate/australia/?page=928'
2026-03-17 17:20:29 [info     ] http_request                   response_time_ms=1476.5 scraper=IDPCourseScraper status_code=200 url='https://www.idp.com/nepal/find-a-course/all-subject/undergraduate/australia/?page=929'
2026-03-17 17:20:30 [info     ] http_request                   response_time_ms=1248.1 scraper=IDPCourseScraper status_code=200 url='https://www.idp.com/nepal/find-a-course/all-subject/undergraduate/australia/?page=930'
2026-03-17 17:20:31 [info     ] http_request                   response_time_ms=1282.9 scraper=IDPCourseScraper status_code=200 url='https://www.idp.com/nepal/find-a-course/all-subject/undergraduate/australia/?page=931'
2026-03-17 17:20:32 [info     ] http_request                   response_time_ms=1243.2 scraper=IDPCourseScraper status_code=200 url='https://www.idp.com/nepal/find-a-course/all-subject/undergraduate/australia/?page=932'
2026-03-17 17:20:34 [info     ] http_request                   response_time_ms=1544.8 scraper=IDPCourseScraper status_code=200 url='https://www.idp.com/nepal/find-a-course/all-subject/undergraduate/australia/?page=933'
2026-03-17 17:20:35 [info     ] http_request                   response_time_ms=1376.3 scraper=IDPCourseScraper status_code=200 url='https://www.idp.com/nepal/find-a-course/all-subject/undergraduate/australia/?page=934'
2026-03-17 17:20:37 [info     ] http_request                   response_time_ms=1255.2 scraper=IDPCourseScraper status_code=200 url='https://www.idp.com/nepal/find-a-course/all-subject/undergraduate/australia/?page=935'
2026-03-17 17:20:38 [info     ] http_request                   response_time_ms=1185.4 scraper=IDPCourseScraper status_code=200 url='https://www.idp.com/nepal/find-a-course/all-subject/undergraduate/australia/?page=936'
2026-03-17 17:20:39 [info     ] http_request                   response_time_ms=1189.8 scraper=IDPCourseScraper status_code=200 url='https://www.idp.com/nepal/find-a-course/all-subject/undergraduate/australia/?page=937'
2026-03-17 17:20:40 [info     ] http_request                   response_time_ms=1188.0 scraper=IDPCourseScraper status_code=200 url='https://www.idp.com/nepal/find-a-course/all-subject/undergraduate/australia/?page=938'
2026-03-17 17:20:42 [info     ] http_request                   response_time_ms=1478.8 scraper=IDPCourseScraper status_code=200 url='https://www.idp.com/nepal/find-a-course/all-subject/undergraduate/australia/?page=939'
2026-03-17 17:20:43 [info     ] http_request                   response_time_ms=1309.4 scraper=IDPCourseScraper status_code=200 url='https://www.idp.com/nepal/find-a-course/all-subject/undergraduate/australia/?page=940'
2026-03-17 17:20:45 [info     ] http_request                   response_time_ms=1460.0 scraper=IDPCourseScraper status_code=200 url='https://www.idp.com/nepal/find-a-course/all-subject/undergraduate/australia/?page=941'
2026-03-17 17:20:46 [info     ] http_request                   response_time_ms=1445.8 scraper=IDPCourseScraper status_code=200 url='https://www.idp.com/nepal/find-a-course/all-subject/undergraduate/australia/?page=942'
2026-03-17 17:20:48 [info     ] http_request                   response_time_ms=1374.7 scraper=IDPCourseScraper status_code=200 url='https://www.idp.com/nepal/find-a-course/all-subject/undergraduate/australia/?page=943'
2026-03-17 17:20:49 [info     ] http_request                   response_time_ms=1647.9 scraper=IDPCourseScraper status_code=200 url='https://www.idp.com/nepal/find-a-course/all-subject/undergraduate/australia/?page=944'
2026-03-17 17:20:51 [info     ] http_request                   response_time_ms=1470.3 scraper=IDPCourseScraper status_code=200 url='https://www.idp.com/nepal/find-a-course/all-subject/undergraduate/australia/?page=945'
2026-03-17 17:20:52 [info     ] http_request                   response_time_ms=1384.3 scraper=IDPCourseScraper status_code=200 url='https://www.idp.com/nepal/find-a-course/all-subject/undergraduate/australia/?page=946'
2026-03-17 17:20:54 [info     ] http_request                   response_time_ms=1419.2 scraper=IDPCourseScraper status_code=200 url='https://www.idp.com/nepal/find-a-course/all-subject/undergraduate/australia/?page=947'
2026-03-17 17:20:55 [info     ] http_request                   response_time_ms=1372.0 scraper=IDPCourseScraper status_code=200 url='https://www.idp.com/nepal/find-a-course/all-subject/undergraduate/australia/?page=948'
2026-03-17 17:20:57 [info     ] http_request                   response_time_ms=1413.4 scraper=IDPCourseScraper status_code=200 url='https://www.idp.com/nepal/find-a-course/all-subject/undergraduate/australia/?page=949'
2026-03-17 17:20:57 [info     ] pagination_progress            courses_so_far=11388 page=950 scraper=IDPCourseScraper
2026-03-17 17:20:58 [info     ] http_request                   response_time_ms=1275.9 scraper=IDPCourseScraper status_code=200 url='https://www.idp.com/nepal/find-a-course/all-subject/undergraduate/australia/?page=950'
2026-03-17 17:21:00 [info     ] http_request                   response_time_ms=1592.2 scraper=IDPCourseScraper status_code=200 url='https://www.idp.com/nepal/find-a-course/all-subject/undergraduate/australia/?page=951'
2026-03-17 17:21:01 [info     ] http_request                   response_time_ms=1445.8 scraper=IDPCourseScraper status_code=200 url='https://www.idp.com/nepal/find-a-course/all-subject/undergraduate/australia/?page=952'
2026-03-17 17:21:03 [info     ] http_request                   response_time_ms=1340.9 scraper=IDPCourseScraper status_code=200 url='https://www.idp.com/nepal/find-a-course/all-subject/undergraduate/australia/?page=953'
2026-03-17 17:21:04 [info     ] http_request                   response_time_ms=1215.1 scraper=IDPCourseScraper status_code=200 url='https://www.idp.com/nepal/find-a-course/all-subject/undergraduate/australia/?page=954'
2026-03-17 17:21:05 [info     ] http_request                   response_time_ms=1478.8 scraper=IDPCourseScraper status_code=200 url='https://www.idp.com/nepal/find-a-course/all-subject/undergraduate/australia/?page=955'
2026-03-17 17:21:07 [info     ] http_request                   response_time_ms=1253.8 scraper=IDPCourseScraper status_code=200 url='https://www.idp.com/nepal/find-a-course/all-subject/undergraduate/australia/?page=956'
2026-03-17 17:21:08 [info     ] http_request                   response_time_ms=1305.2 scraper=IDPCourseScraper status_code=200 url='https://www.idp.com/nepal/find-a-course/all-subject/undergraduate/australia/?page=957'
2026-03-17 17:21:09 [info     ] http_request                   response_time_ms=1232.8 scraper=IDPCourseScraper status_code=200 url='https://www.idp.com/nepal/find-a-course/all-subject/undergraduate/australia/?page=958'
2026-03-17 17:21:10 [info     ] http_request                   response_time_ms=1025.4 scraper=IDPCourseScraper status_code=200 url='https://www.idp.com/nepal/find-a-course/all-subject/undergraduate/australia/?page=959'
2026-03-17 17:21:12 [info     ] http_request                   response_time_ms=1243.8 scraper=IDPCourseScraper status_code=200 url='https://www.idp.com/nepal/find-a-course/all-subject/undergraduate/australia/?page=960'
2026-03-17 17:21:13 [info     ] http_request                   response_time_ms=1235.4 scraper=IDPCourseScraper status_code=200 url='https://www.idp.com/nepal/find-a-course/all-subject/undergraduate/australia/?page=961'
2026-03-17 17:21:14 [info     ] http_request                   response_time_ms=1429.9 scraper=IDPCourseScraper status_code=200 url='https://www.idp.com/nepal/find-a-course/all-subject/undergraduate/australia/?page=962'
2026-03-17 17:21:16 [info     ] http_request                   response_time_ms=1254.6 scraper=IDPCourseScraper status_code=200 url='https://www.idp.com/nepal/find-a-course/all-subject/undergraduate/australia/?page=963'
2026-03-17 17:21:17 [info     ] http_request                   response_time_ms=1249.1 scraper=IDPCourseScraper status_code=200 url='https://www.idp.com/nepal/find-a-course/all-subject/undergraduate/australia/?page=964'
2026-03-17 17:21:18 [info     ] http_request                   response_time_ms=1237.7 scraper=IDPCourseScraper status_code=200 url='https://www.idp.com/nepal/find-a-course/all-subject/undergraduate/australia/?page=965'
2026-03-17 17:21:20 [info     ] http_request                   response_time_ms=1422.8 scraper=IDPCourseScraper status_code=200 url='https://www.idp.com/nepal/find-a-course/all-subject/undergraduate/australia/?page=966'
2026-03-17 17:21:21 [info     ] http_request                   response_time_ms=1356.4 scraper=IDPCourseScraper status_code=200 url='https://www.idp.com/nepal/find-a-course/all-subject/undergraduate/australia/?page=967'
2026-03-17 17:21:22 [info     ] http_request                   response_time_ms=1266.9 scraper=IDPCourseScraper status_code=200 url='https://www.idp.com/nepal/find-a-course/all-subject/undergraduate/australia/?page=968'
2026-03-17 17:21:24 [info     ] http_request                   response_time_ms=1237.6 scraper=IDPCourseScraper status_code=200 url='https://www.idp.com/nepal/find-a-course/all-subject/undergraduate/australia/?page=969'
2026-03-17 17:21:25 [info     ] http_request                   response_time_ms=1205.0 scraper=IDPCourseScraper status_code=200 url='https://www.idp.com/nepal/find-a-course/all-subject/undergraduate/australia/?page=970'
2026-03-17 17:21:26 [info     ] http_request                   response_time_ms=1449.0 scraper=IDPCourseScraper status_code=200 url='https://www.idp.com/nepal/find-a-course/all-subject/undergraduate/australia/?page=971'
2026-03-17 17:21:28 [info     ] http_request                   response_time_ms=1252.7 scraper=IDPCourseScraper status_code=200 url='https://www.idp.com/nepal/find-a-course/all-subject/undergraduate/australia/?page=972'
2026-03-17 17:21:29 [info     ] http_request                   response_time_ms=1346.7 scraper=IDPCourseScraper status_code=200 url='https://www.idp.com/nepal/find-a-course/all-subject/undergraduate/australia/?page=973'
2026-03-17 17:21:30 [info     ] http_request                   response_time_ms=1243.8 scraper=IDPCourseScraper status_code=200 url='https://www.idp.com/nepal/find-a-course/all-subject/undergraduate/australia/?page=974'
2026-03-17 17:21:32 [info     ] http_request                   response_time_ms=1404.8 scraper=IDPCourseScraper status_code=200 url='https://www.idp.com/nepal/find-a-course/all-subject/undergraduate/australia/?page=975'
2026-03-17 17:21:33 [info     ] http_request                   response_time_ms=1345.9 scraper=IDPCourseScraper status_code=200 url='https://www.idp.com/nepal/find-a-course/all-subject/undergraduate/australia/?page=976'
2026-03-17 17:21:34 [info     ] http_request                   response_time_ms=1209.8 scraper=IDPCourseScraper status_code=200 url='https://www.idp.com/nepal/find-a-course/all-subject/undergraduate/australia/?page=977'
2026-03-17 17:21:36 [info     ] http_request                   response_time_ms=1227.8 scraper=IDPCourseScraper status_code=200 url='https://www.idp.com/nepal/find-a-course/all-subject/undergraduate/australia/?page=978'
2026-03-17 17:21:37 [info     ] http_request                   response_time_ms=926.4 scraper=IDPCourseScraper status_code=200 url='https://www.idp.com/nepal/find-a-course/all-subject/undergraduate/australia/?page=979'
2026-03-17 17:21:38 [info     ] http_request                   response_time_ms=1500.1 scraper=IDPCourseScraper status_code=200 url='https://www.idp.com/nepal/find-a-course/all-subject/undergraduate/australia/?page=980'
2026-03-17 17:21:40 [info     ] http_request                   response_time_ms=1281.9 scraper=IDPCourseScraper status_code=200 url='https://www.idp.com/nepal/find-a-course/all-subject/undergraduate/australia/?page=981'
2026-03-17 17:21:41 [info     ] http_request                   response_time_ms=1576.5 scraper=IDPCourseScraper status_code=200 url='https://www.idp.com/nepal/find-a-course/all-subject/undergraduate/australia/?page=982'
2026-03-17 17:21:43 [info     ] http_request                   response_time_ms=1355.4 scraper=IDPCourseScraper status_code=200 url='https://www.idp.com/nepal/find-a-course/all-subject/undergraduate/australia/?page=983'
2026-03-17 17:21:44 [info     ] http_request                   response_time_ms=1532.2 scraper=IDPCourseScraper status_code=200 url='https://www.idp.com/nepal/find-a-course/all-subject/undergraduate/australia/?page=984'
2026-03-17 17:21:46 [info     ] http_request                   response_time_ms=1259.7 scraper=IDPCourseScraper status_code=200 url='https://www.idp.com/nepal/find-a-course/all-subject/undergraduate/australia/?page=985'
2026-03-17 17:21:47 [info     ] http_request                   response_time_ms=1189.0 scraper=IDPCourseScraper status_code=200 url='https://www.idp.com/nepal/find-a-course/all-subject/undergraduate/australia/?page=986'
2026-03-17 17:21:48 [info     ] http_request                   response_time_ms=1358.2 scraper=IDPCourseScraper status_code=200 url='https://www.idp.com/nepal/find-a-course/all-subject/undergraduate/australia/?page=987'
2026-03-17 17:21:50 [info     ] http_request                   response_time_ms=1307.1 scraper=IDPCourseScraper status_code=200 url='https://www.idp.com/nepal/find-a-course/all-subject/undergraduate/australia/?page=988'
2026-03-17 17:21:51 [info     ] http_request                   response_time_ms=1264.1 scraper=IDPCourseScraper status_code=200 url='https://www.idp.com/nepal/find-a-course/all-subject/undergraduate/australia/?page=989'
2026-03-17 17:21:52 [info     ] http_request                   response_time_ms=1336.3 scraper=IDPCourseScraper status_code=200 url='https://www.idp.com/nepal/find-a-course/all-subject/undergraduate/australia/?page=990'
2026-03-17 17:21:54 [info     ] http_request                   response_time_ms=1568.2 scraper=IDPCourseScraper status_code=200 url='https://www.idp.com/nepal/find-a-course/all-subject/undergraduate/australia/?page=991'
2026-03-17 17:21:55 [info     ] http_request                   response_time_ms=1318.7 scraper=IDPCourseScraper status_code=200 url='https://www.idp.com/nepal/find-a-course/all-subject/undergraduate/australia/?page=992'
2026-03-17 17:21:56 [info     ] http_request                   response_time_ms=885.4 scraper=IDPCourseScraper status_code=200 url='https://www.idp.com/nepal/find-a-course/all-subject/undergraduate/australia/?page=993'
2026-03-17 17:21:57 [info     ] http_request                   response_time_ms=1282.1 scraper=IDPCourseScraper status_code=200 url='https://www.idp.com/nepal/find-a-course/all-subject/undergraduate/australia/?page=994'
2026-03-17 17:21:59 [info     ] http_request                   response_time_ms=1501.1 scraper=IDPCourseScraper status_code=200 url='https://www.idp.com/nepal/find-a-course/all-subject/undergraduate/australia/?page=995'
2026-03-17 17:22:00 [info     ] http_request                   response_time_ms=1251.8 scraper=IDPCourseScraper status_code=200 url='https://www.idp.com/nepal/find-a-course/all-subject/undergraduate/australia/?page=996'
2026-03-17 17:22:02 [info     ] http_request                   response_time_ms=1339.4 scraper=IDPCourseScraper status_code=200 url='https://www.idp.com/nepal/find-a-course/all-subject/undergraduate/australia/?page=997'
2026-03-17 17:22:03 [info     ] http_request                   response_time_ms=1333.2 scraper=IDPCourseScraper status_code=200 url='https://www.idp.com/nepal/find-a-course/all-subject/undergraduate/australia/?page=998'
2026-03-17 17:22:05 [info     ] http_request                   response_time_ms=1542.1 scraper=IDPCourseScraper status_code=200 url='https://www.idp.com/nepal/find-a-course/all-subject/undergraduate/australia/?page=999'
2026-03-17 17:22:05 [info     ] pagination_progress            courses_so_far=11988 page=1000 scraper=IDPCourseScraper
2026-03-17 17:22:06 [info     ] http_request                   response_time_ms=1681.4 scraper=IDPCourseScraper status_code=200 url='https://www.idp.com/nepal/find-a-course/all-subject/undergraduate/australia/?page=1000'
2026-03-17 17:22:08 [info     ] http_request                   response_time_ms=1192.1 scraper=IDPCourseScraper status_code=200 url='https://www.idp.com/nepal/find-a-course/all-subject/undergraduate/australia/?page=1001'
2026-03-17 17:22:09 [info     ] http_request                   response_time_ms=1295.2 scraper=IDPCourseScraper status_code=200 url='https://www.idp.com/nepal/find-a-course/all-subject/undergraduate/australia/?page=1002'
2026-03-17 17:22:10 [info     ] http_request                   response_time_ms=1172.7 scraper=IDPCourseScraper status_code=200 url='https://www.idp.com/nepal/find-a-course/all-subject/undergraduate/australia/?page=1003'
2026-03-17 17:22:11 [info     ] http_request                   response_time_ms=1237.0 scraper=IDPCourseScraper status_code=200 url='https://www.idp.com/nepal/find-a-course/all-subject/undergraduate/australia/?page=1004'
2026-03-17 17:22:13 [info     ] http_request                   response_time_ms=1578.8 scraper=IDPCourseScraper status_code=200 url='https://www.idp.com/nepal/find-a-course/all-subject/undergraduate/australia/?page=1005'
2026-03-17 17:22:15 [info     ] http_request                   response_time_ms=1490.0 scraper=IDPCourseScraper status_code=200 url='https://www.idp.com/nepal/find-a-course/all-subject/undergraduate/australia/?page=1006'
2026-03-17 17:22:16 [info     ] http_request                   response_time_ms=926.0 scraper=IDPCourseScraper status_code=200 url='https://www.idp.com/nepal/find-a-course/all-subject/undergraduate/australia/?page=1007'
2026-03-17 17:22:17 [info     ] http_request                   response_time_ms=1231.8 scraper=IDPCourseScraper status_code=200 url='https://www.idp.com/nepal/find-a-course/all-subject/undergraduate/australia/?page=1008'
2026-03-17 17:22:18 [info     ] http_request                   response_time_ms=1210.2 scraper=IDPCourseScraper status_code=200 url='https://www.idp.com/nepal/find-a-course/all-subject/undergraduate/australia/?page=1009'
2026-03-17 17:22:20 [info     ] http_request                   response_time_ms=1447.7 scraper=IDPCourseScraper status_code=200 url='https://www.idp.com/nepal/find-a-course/all-subject/undergraduate/australia/?page=1010'
2026-03-17 17:22:21 [info     ] http_request                   response_time_ms=1483.2 scraper=IDPCourseScraper status_code=200 url='https://www.idp.com/nepal/find-a-course/all-subject/undergraduate/australia/?page=1011'
2026-03-17 17:22:22 [info     ] http_request                   response_time_ms=1285.0 scraper=IDPCourseScraper status_code=200 url='https://www.idp.com/nepal/find-a-course/all-subject/undergraduate/australia/?page=1012'
2026-03-17 17:22:24 [info     ] http_request                   response_time_ms=1165.5 scraper=IDPCourseScraper status_code=200 url='https://www.idp.com/nepal/find-a-course/all-subject/undergraduate/australia/?page=1013'
2026-03-17 17:22:25 [info     ] http_request                   response_time_ms=1193.9 scraper=IDPCourseScraper status_code=200 url='https://www.idp.com/nepal/find-a-course/all-subject/undergraduate/australia/?page=1014'
2026-03-17 17:22:26 [info     ] http_request                   response_time_ms=1484.2 scraper=IDPCourseScraper status_code=200 url='https://www.idp.com/nepal/find-a-course/all-subject/undergraduate/australia/?page=1015'
2026-03-17 17:22:28 [info     ] http_request                   response_time_ms=1285.1 scraper=IDPCourseScraper status_code=200 url='https://www.idp.com/nepal/find-a-course/all-subject/undergraduate/australia/?page=1016'
2026-03-17 17:22:29 [info     ] http_request                   response_time_ms=1232.2 scraper=IDPCourseScraper status_code=200 url='https://www.idp.com/nepal/find-a-course/all-subject/undergraduate/australia/?page=1017'
2026-03-17 17:22:31 [info     ] http_request                   response_time_ms=1647.2 scraper=IDPCourseScraper status_code=200 url='https://www.idp.com/nepal/find-a-course/all-subject/undergraduate/australia/?page=1018'
2026-03-17 17:22:32 [info     ] http_request                   response_time_ms=1306.6 scraper=IDPCourseScraper status_code=200 url='https://www.idp.com/nepal/find-a-course/all-subject/undergraduate/australia/?page=1019'
2026-03-17 17:22:34 [info     ] http_request                   response_time_ms=1529.0 scraper=IDPCourseScraper status_code=200 url='https://www.idp.com/nepal/find-a-course/all-subject/undergraduate/australia/?page=1020'
2026-03-17 17:22:35 [info     ] http_request                   response_time_ms=1194.2 scraper=IDPCourseScraper status_code=200 url='https://www.idp.com/nepal/find-a-course/all-subject/undergraduate/australia/?page=1021'
2026-03-17 17:22:36 [info     ] http_request                   response_time_ms=1505.2 scraper=IDPCourseScraper status_code=200 url='https://www.idp.com/nepal/find-a-course/all-subject/undergraduate/australia/?page=1022'
2026-03-17 17:22:38 [info     ] http_request                   response_time_ms=1439.7 scraper=IDPCourseScraper status_code=200 url='https://www.idp.com/nepal/find-a-course/all-subject/undergraduate/australia/?page=1023'
2026-03-17 17:22:39 [info     ] http_request                   response_time_ms=1276.2 scraper=IDPCourseScraper status_code=200 url='https://www.idp.com/nepal/find-a-course/all-subject/undergraduate/australia/?page=1024'
2026-03-17 17:22:40 [info     ] http_request                   response_time_ms=878.1 scraper=IDPCourseScraper status_code=200 url='https://www.idp.com/nepal/find-a-course/all-subject/undergraduate/australia/?page=1025'
2026-03-17 17:22:42 [info     ] http_request                   response_time_ms=1503.8 scraper=IDPCourseScraper status_code=200 url='https://www.idp.com/nepal/find-a-course/all-subject/undergraduate/australia/?page=1026'
2026-03-17 17:22:43 [info     ] http_request                   response_time_ms=1559.3 scraper=IDPCourseScraper status_code=200 url='https://www.idp.com/nepal/find-a-course/all-subject/undergraduate/australia/?page=1027'
2026-03-17 17:22:45 [info     ] http_request                   response_time_ms=1301.4 scraper=IDPCourseScraper status_code=200 url='https://www.idp.com/nepal/find-a-course/all-subject/undergraduate/australia/?page=1028'
2026-03-17 17:22:46 [info     ] http_request                   response_time_ms=1385.2 scraper=IDPCourseScraper status_code=200 url='https://www.idp.com/nepal/find-a-course/all-subject/undergraduate/australia/?page=1029'
2026-03-17 17:22:48 [info     ] http_request                   response_time_ms=1440.8 scraper=IDPCourseScraper status_code=200 url='https://www.idp.com/nepal/find-a-course/all-subject/undergraduate/australia/?page=1030'
2026-03-17 17:22:49 [info     ] http_request                   response_time_ms=1543.0 scraper=IDPCourseScraper status_code=200 url='https://www.idp.com/nepal/find-a-course/all-subject/undergraduate/australia/?page=1031'
2026-03-17 17:22:50 [info     ] http_request                   response_time_ms=889.0 scraper=IDPCourseScraper status_code=200 url='https://www.idp.com/nepal/find-a-course/all-subject/undergraduate/australia/?page=1032'
2026-03-17 17:22:51 [info     ] http_request                   response_time_ms=942.9 scraper=IDPCourseScraper status_code=200 url='https://www.idp.com/nepal/find-a-course/all-subject/undergraduate/australia/?page=1033'
2026-03-17 17:22:53 [info     ] http_request                   response_time_ms=1462.0 scraper=IDPCourseScraper status_code=200 url='https://www.idp.com/nepal/find-a-course/all-subject/undergraduate/australia/?page=1034'
2026-03-17 17:22:54 [info     ] http_request                   response_time_ms=1257.7 scraper=IDPCourseScraper status_code=200 url='https://www.idp.com/nepal/find-a-course/all-subject/undergraduate/australia/?page=1035'
2026-03-17 17:22:55 [info     ] http_request                   response_time_ms=1379.1 scraper=IDPCourseScraper status_code=200 url='https://www.idp.com/nepal/find-a-course/all-subject/undergraduate/australia/?page=1036'
2026-03-17 17:22:57 [info     ] http_request                   response_time_ms=1304.3 scraper=IDPCourseScraper status_code=200 url='https://www.idp.com/nepal/find-a-course/all-subject/undergraduate/australia/?page=1037'
2026-03-17 17:22:58 [info     ] http_request                   response_time_ms=1343.7 scraper=IDPCourseScraper status_code=200 url='https://www.idp.com/nepal/find-a-course/all-subject/undergraduate/australia/?page=1038'
2026-03-17 17:22:59 [info     ] http_request                   response_time_ms=1213.5 scraper=IDPCourseScraper status_code=200 url='https://www.idp.com/nepal/find-a-course/all-subject/undergraduate/australia/?page=1039'
2026-03-17 17:23:01 [info     ] http_request                   response_time_ms=1267.4 scraper=IDPCourseScraper status_code=200 url='https://www.idp.com/nepal/find-a-course/all-subject/undergraduate/australia/?page=1040'
2026-03-17 17:23:02 [info     ] http_request                   response_time_ms=1302.1 scraper=IDPCourseScraper status_code=200 url='https://www.idp.com/nepal/find-a-course/all-subject/undergraduate/australia/?page=1041'
2026-03-17 17:23:03 [info     ] http_request                   response_time_ms=1293.1 scraper=IDPCourseScraper status_code=200 url='https://www.idp.com/nepal/find-a-course/all-subject/undergraduate/australia/?page=1042'
2026-03-17 17:23:05 [info     ] http_request                   response_time_ms=1237.1 scraper=IDPCourseScraper status_code=200 url='https://www.idp.com/nepal/find-a-course/all-subject/undergraduate/australia/?page=1043'
2026-03-17 17:23:06 [info     ] http_request                   response_time_ms=1255.5 scraper=IDPCourseScraper status_code=200 url='https://www.idp.com/nepal/find-a-course/all-subject/undergraduate/australia/?page=1044'
2026-03-17 17:23:07 [info     ] http_request                   response_time_ms=1250.4 scraper=IDPCourseScraper status_code=200 url='https://www.idp.com/nepal/find-a-course/all-subject/undergraduate/australia/?page=1045'
2026-03-17 17:23:09 [info     ] http_request                   response_time_ms=1411.3 scraper=IDPCourseScraper status_code=200 url='https://www.idp.com/nepal/find-a-course/all-subject/undergraduate/australia/?page=1046'
2026-03-17 17:23:10 [info     ] http_request                   response_time_ms=1264.8 scraper=IDPCourseScraper status_code=200 url='https://www.idp.com/nepal/find-a-course/all-subject/undergraduate/australia/?page=1047'
2026-03-17 17:23:11 [info     ] http_request                   response_time_ms=1249.1 scraper=IDPCourseScraper status_code=200 url='https://www.idp.com/nepal/find-a-course/all-subject/undergraduate/australia/?page=1048'
2026-03-17 17:23:13 [info     ] http_request                   response_time_ms=1244.0 scraper=IDPCourseScraper status_code=200 url='https://www.idp.com/nepal/find-a-course/all-subject/undergraduate/australia/?page=1049'
2026-03-17 17:23:13 [info     ] pagination_progress            courses_so_far=12588 page=1050 scraper=IDPCourseScraper
2026-03-17 17:23:14 [info     ] http_request                   response_time_ms=1281.3 scraper=IDPCourseScraper status_code=200 url='https://www.idp.com/nepal/find-a-course/all-subject/undergraduate/australia/?page=1050'
2026-03-17 17:23:15 [info     ] http_request                   response_time_ms=1245.0 scraper=IDPCourseScraper status_code=200 url='https://www.idp.com/nepal/find-a-course/all-subject/undergraduate/australia/?page=1051'
2026-03-17 17:23:17 [info     ] http_request                   response_time_ms=1203.2 scraper=IDPCourseScraper status_code=200 url='https://www.idp.com/nepal/find-a-course/all-subject/undergraduate/australia/?page=1052'
2026-03-17 17:23:18 [info     ] http_request                   response_time_ms=1740.4 scraper=IDPCourseScraper status_code=200 url='https://www.idp.com/nepal/find-a-course/all-subject/undergraduate/australia/?page=1053'
2026-03-17 17:23:20 [info     ] http_request                   response_time_ms=1180.5 scraper=IDPCourseScraper status_code=200 url='https://www.idp.com/nepal/find-a-course/all-subject/undergraduate/australia/?page=1054'
2026-03-17 17:23:21 [info     ] http_request                   response_time_ms=1242.2 scraper=IDPCourseScraper status_code=200 url='https://www.idp.com/nepal/find-a-course/all-subject/undergraduate/australia/?page=1055'
2026-03-17 17:23:22 [info     ] http_request                   response_time_ms=1226.5 scraper=IDPCourseScraper status_code=200 url='https://www.idp.com/nepal/find-a-course/all-subject/undergraduate/australia/?page=1056'
2026-03-17 17:23:23 [info     ] http_request                   response_time_ms=1299.2 scraper=IDPCourseScraper status_code=200 url='https://www.idp.com/nepal/find-a-course/all-subject/undergraduate/australia/?page=1057'
2026-03-17 17:23:25 [info     ] http_request                   response_time_ms=1213.9 scraper=IDPCourseScraper status_code=200 url='https://www.idp.com/nepal/find-a-course/all-subject/undergraduate/australia/?page=1058'
2026-03-17 17:23:26 [info     ] http_request                   response_time_ms=1184.5 scraper=IDPCourseScraper status_code=200 url='https://www.idp.com/nepal/find-a-course/all-subject/undergraduate/australia/?page=1059'
2026-03-17 17:23:27 [info     ] http_request                   response_time_ms=1105.4 scraper=IDPCourseScraper status_code=200 url='https://www.idp.com/nepal/find-a-course/all-subject/undergraduate/australia/?page=1060'
2026-03-17 17:23:28 [info     ] http_request                   response_time_ms=1193.9 scraper=IDPCourseScraper status_code=200 url='https://www.idp.com/nepal/find-a-course/all-subject/undergraduate/australia/?page=1061'
2026-03-17 17:23:30 [info     ] http_request                   response_time_ms=1442.8 scraper=IDPCourseScraper status_code=200 url='https://www.idp.com/nepal/find-a-course/all-subject/undergraduate/australia/?page=1062'
2026-03-17 17:23:31 [info     ] http_request                   response_time_ms=1306.7 scraper=IDPCourseScraper status_code=200 url='https://www.idp.com/nepal/find-a-course/all-subject/undergraduate/australia/?page=1063'
2026-03-17 17:23:32 [info     ] http_request                   response_time_ms=1212.6 scraper=IDPCourseScraper status_code=200 url='https://www.idp.com/nepal/find-a-course/all-subject/undergraduate/australia/?page=1064'
2026-03-17 17:23:34 [info     ] http_request                   response_time_ms=1380.6 scraper=IDPCourseScraper status_code=200 url='https://www.idp.com/nepal/find-a-course/all-subject/undergraduate/australia/?page=1065'
2026-03-17 17:23:35 [info     ] http_request                   response_time_ms=1316.9 scraper=IDPCourseScraper status_code=200 url='https://www.idp.com/nepal/find-a-course/all-subject/undergraduate/australia/?page=1066'
2026-03-17 17:23:36 [info     ] http_request                   response_time_ms=1141.9 scraper=IDPCourseScraper status_code=200 url='https://www.idp.com/nepal/find-a-course/all-subject/undergraduate/australia/?page=1067'
2026-03-17 17:23:38 [info     ] http_request                   response_time_ms=1264.3 scraper=IDPCourseScraper status_code=200 url='https://www.idp.com/nepal/find-a-course/all-subject/undergraduate/australia/?page=1068'
2026-03-17 17:23:39 [info     ] http_request                   response_time_ms=1421.7 scraper=IDPCourseScraper status_code=200 url='https://www.idp.com/nepal/find-a-course/all-subject/undergraduate/australia/?page=1069'
2026-03-17 17:23:40 [info     ] http_request                   response_time_ms=1207.4 scraper=IDPCourseScraper status_code=200 url='https://www.idp.com/nepal/find-a-course/all-subject/undergraduate/australia/?page=1070'
2026-03-17 17:23:42 [info     ] http_request                   response_time_ms=1208.4 scraper=IDPCourseScraper status_code=200 url='https://www.idp.com/nepal/find-a-course/all-subject/undergraduate/australia/?page=1071'
2026-03-17 17:23:43 [info     ] http_request                   response_time_ms=1328.3 scraper=IDPCourseScraper status_code=200 url='https://www.idp.com/nepal/find-a-course/all-subject/undergraduate/australia/?page=1072'
2026-03-17 17:23:44 [info     ] http_request                   response_time_ms=1266.3 scraper=IDPCourseScraper status_code=200 url='https://www.idp.com/nepal/find-a-course/all-subject/undergraduate/australia/?page=1073'
2026-03-17 17:23:46 [info     ] http_request                   response_time_ms=1288.7 scraper=IDPCourseScraper status_code=200 url='https://www.idp.com/nepal/find-a-course/all-subject/undergraduate/australia/?page=1074'
2026-03-17 17:23:47 [info     ] http_request                   response_time_ms=1250.0 scraper=IDPCourseScraper status_code=200 url='https://www.idp.com/nepal/find-a-course/all-subject/undergraduate/australia/?page=1075'
2026-03-17 17:23:48 [info     ] http_request                   response_time_ms=1429.9 scraper=IDPCourseScraper status_code=200 url='https://www.idp.com/nepal/find-a-course/all-subject/undergraduate/australia/?page=1076'
2026-03-17 17:23:50 [info     ] http_request                   response_time_ms=1261.3 scraper=IDPCourseScraper status_code=200 url='https://www.idp.com/nepal/find-a-course/all-subject/undergraduate/australia/?page=1077'
2026-03-17 17:23:51 [info     ] http_request                   response_time_ms=1527.4 scraper=IDPCourseScraper status_code=200 url='https://www.idp.com/nepal/find-a-course/all-subject/undergraduate/australia/?page=1078'
2026-03-17 17:23:53 [info     ] http_request                   response_time_ms=1455.0 scraper=IDPCourseScraper status_code=200 url='https://www.idp.com/nepal/find-a-course/all-subject/undergraduate/australia/?page=1079'
2026-03-17 17:23:54 [info     ] http_request                   response_time_ms=1569.7 scraper=IDPCourseScraper status_code=200 url='https://www.idp.com/nepal/find-a-course/all-subject/undergraduate/australia/?page=1080'
2026-03-17 17:23:55 [info     ] http_request                   response_time_ms=881.9 scraper=IDPCourseScraper status_code=200 url='https://www.idp.com/nepal/find-a-course/all-subject/undergraduate/australia/?page=1081'
2026-03-17 17:23:57 [info     ] http_request                   response_time_ms=1251.0 scraper=IDPCourseScraper status_code=200 url='https://www.idp.com/nepal/find-a-course/all-subject/undergraduate/australia/?page=1082'
2026-03-17 17:23:58 [info     ] http_request                   response_time_ms=1301.4 scraper=IDPCourseScraper status_code=200 url='https://www.idp.com/nepal/find-a-course/all-subject/undergraduate/australia/?page=1083'
2026-03-17 17:23:59 [info     ] http_request                   response_time_ms=1217.0 scraper=IDPCourseScraper status_code=200 url='https://www.idp.com/nepal/find-a-course/all-subject/undergraduate/australia/?page=1084'
2026-03-17 17:24:01 [info     ] http_request                   response_time_ms=1307.1 scraper=IDPCourseScraper status_code=200 url='https://www.idp.com/nepal/find-a-course/all-subject/undergraduate/australia/?page=1085'
2026-03-17 17:24:02 [info     ] http_request                   response_time_ms=1515.6 scraper=IDPCourseScraper status_code=200 url='https://www.idp.com/nepal/find-a-course/all-subject/undergraduate/australia/?page=1086'
2026-03-17 17:24:04 [info     ] http_request                   response_time_ms=1400.2 scraper=IDPCourseScraper status_code=200 url='https://www.idp.com/nepal/find-a-course/all-subject/undergraduate/australia/?page=1087'
2026-03-17 17:24:05 [info     ] http_request                   response_time_ms=1167.2 scraper=IDPCourseScraper status_code=200 url='https://www.idp.com/nepal/find-a-course/all-subject/undergraduate/australia/?page=1088'
2026-03-17 17:24:06 [info     ] http_request                   response_time_ms=1433.9 scraper=IDPCourseScraper status_code=200 url='https://www.idp.com/nepal/find-a-course/all-subject/undergraduate/australia/?page=1089'
2026-03-17 17:24:08 [info     ] http_request                   response_time_ms=1300.1 scraper=IDPCourseScraper status_code=200 url='https://www.idp.com/nepal/find-a-course/all-subject/undergraduate/australia/?page=1090'
2026-03-17 17:24:09 [info     ] http_request                   response_time_ms=1383.5 scraper=IDPCourseScraper status_code=200 url='https://www.idp.com/nepal/find-a-course/all-subject/undergraduate/australia/?page=1091'
2026-03-17 17:24:10 [info     ] http_request                   response_time_ms=1247.6 scraper=IDPCourseScraper status_code=200 url='https://www.idp.com/nepal/find-a-course/all-subject/undergraduate/australia/?page=1092'
2026-03-17 17:24:12 [info     ] http_request                   response_time_ms=1200.8 scraper=IDPCourseScraper status_code=200 url='https://www.idp.com/nepal/find-a-course/all-subject/undergraduate/australia/?page=1093'
2026-03-17 17:24:13 [info     ] http_request                   response_time_ms=1222.6 scraper=IDPCourseScraper status_code=200 url='https://www.idp.com/nepal/find-a-course/all-subject/undergraduate/australia/?page=1094'
2026-03-17 17:24:14 [info     ] http_request                   response_time_ms=996.0 scraper=IDPCourseScraper status_code=200 url='https://www.idp.com/nepal/find-a-course/all-subject/undergraduate/australia/?page=1095'
2026-03-17 17:24:15 [info     ] http_request                   response_time_ms=1256.6 scraper=IDPCourseScraper status_code=200 url='https://www.idp.com/nepal/find-a-course/all-subject/undergraduate/australia/?page=1096'
2026-03-17 17:24:17 [info     ] http_request                   response_time_ms=1740.6 scraper=IDPCourseScraper status_code=200 url='https://www.idp.com/nepal/find-a-course/all-subject/undergraduate/australia/?page=1097'
2026-03-17 17:24:18 [info     ] http_request                   response_time_ms=1255.1 scraper=IDPCourseScraper status_code=200 url='https://www.idp.com/nepal/find-a-course/all-subject/undergraduate/australia/?page=1098'
2026-03-17 17:24:20 [info     ] http_request                   response_time_ms=1194.2 scraper=IDPCourseScraper status_code=200 url='https://www.idp.com/nepal/find-a-course/all-subject/undergraduate/australia/?page=1099'
2026-03-17 17:24:20 [info     ] pagination_progress            courses_so_far=13188 page=1100 scraper=IDPCourseScraper
2026-03-17 17:24:21 [info     ] http_request                   response_time_ms=1397.9 scraper=IDPCourseScraper status_code=200 url='https://www.idp.com/nepal/find-a-course/all-subject/undergraduate/australia/?page=1100'
2026-03-17 17:24:22 [info     ] http_request                   response_time_ms=1243.6 scraper=IDPCourseScraper status_code=200 url='https://www.idp.com/nepal/find-a-course/all-subject/undergraduate/australia/?page=1101'
2026-03-17 17:24:24 [info     ] http_request                   response_time_ms=1245.2 scraper=IDPCourseScraper status_code=200 url='https://www.idp.com/nepal/find-a-course/all-subject/undergraduate/australia/?page=1102'
2026-03-17 17:24:25 [info     ] http_request                   response_time_ms=1233.3 scraper=IDPCourseScraper status_code=200 url='https://www.idp.com/nepal/find-a-course/all-subject/undergraduate/australia/?page=1103'
2026-03-17 17:24:26 [info     ] http_request                   response_time_ms=1470.4 scraper=IDPCourseScraper status_code=200 url='https://www.idp.com/nepal/find-a-course/all-subject/undergraduate/australia/?page=1104'
2026-03-17 17:24:28 [info     ] http_request                   response_time_ms=1221.4 scraper=IDPCourseScraper status_code=200 url='https://www.idp.com/nepal/find-a-course/all-subject/undergraduate/australia/?page=1105'
2026-03-17 17:24:29 [info     ] http_request                   response_time_ms=1217.1 scraper=IDPCourseScraper status_code=200 url='https://www.idp.com/nepal/find-a-course/all-subject/undergraduate/australia/?page=1106'
2026-03-17 17:24:30 [info     ] http_request                   response_time_ms=1331.3 scraper=IDPCourseScraper status_code=200 url='https://www.idp.com/nepal/find-a-course/all-subject/undergraduate/australia/?page=1107'
2026-03-17 17:24:32 [info     ] http_request                   response_time_ms=1321.8 scraper=IDPCourseScraper status_code=200 url='https://www.idp.com/nepal/find-a-course/all-subject/undergraduate/australia/?page=1108'
2026-03-17 17:24:33 [info     ] http_request                   response_time_ms=1285.9 scraper=IDPCourseScraper status_code=200 url='https://www.idp.com/nepal/find-a-course/all-subject/undergraduate/australia/?page=1109'
2026-03-17 17:24:33 [info     ] combo_complete                 combo=australia:undergraduate found=13302 progress=5.6% scraper=IDPCourseScraper total=13302
2026-03-17 17:24:33 [info     ] combo_start                    combo=australia:postgraduate progress=5.6% scraper=IDPCourseScraper total_so_far=13302
2026-03-17 17:24:33 [info     ] http_request                   response_time_ms=71.9 scraper=IDPCourseScraper status_code=200 url=https://www.idp.com/nepal/find-a-course/all-subject/postgraduate/australia/
2026-03-17 17:24:35 [info     ] http_request                   response_time_ms=1449.0 scraper=IDPCourseScraper status_code=200 url='https://www.idp.com/nepal/find-a-course/all-subject/postgraduate/australia/?page=2'
2026-03-17 17:24:37 [info     ] http_request                   response_time_ms=1121.2 scraper=IDPCourseScraper status_code=200 url='https://www.idp.com/nepal/find-a-course/all-subject/postgraduate/australia/?page=3'
2026-03-17 17:24:38 [info     ] http_request                   response_time_ms=1242.6 scraper=IDPCourseScraper status_code=200 url='https://www.idp.com/nepal/find-a-course/all-subject/postgraduate/australia/?page=4'
2026-03-17 17:24:39 [info     ] http_request                   response_time_ms=1158.9 scraper=IDPCourseScraper status_code=200 url='https://www.idp.com/nepal/find-a-course/all-subject/postgraduate/australia/?page=5'
2026-03-17 17:24:40 [info     ] http_request                   response_time_ms=1175.8 scraper=IDPCourseScraper status_code=200 url='https://www.idp.com/nepal/find-a-course/all-subject/postgraduate/australia/?page=6'
2026-03-17 17:24:42 [info     ] http_request                   response_time_ms=1150.5 scraper=IDPCourseScraper status_code=200 url='https://www.idp.com/nepal/find-a-course/all-subject/postgraduate/australia/?page=7'
2026-03-17 17:24:43 [info     ] http_request                   response_time_ms=1189.4 scraper=IDPCourseScraper status_code=200 url='https://www.idp.com/nepal/find-a-course/all-subject/postgraduate/australia/?page=8'
2026-03-17 17:24:44 [info     ] http_request                   response_time_ms=1180.1 scraper=IDPCourseScraper status_code=200 url='https://www.idp.com/nepal/find-a-course/all-subject/postgraduate/australia/?page=9'
2026-03-17 17:24:45 [info     ] http_request                   response_time_ms=1432.2 scraper=IDPCourseScraper status_code=200 url='https://www.idp.com/nepal/find-a-course/all-subject/postgraduate/australia/?page=10'
2026-03-17 17:24:47 [info     ] http_request                   response_time_ms=1567.5 scraper=IDPCourseScraper status_code=200 url='https://www.idp.com/nepal/find-a-course/all-subject/postgraduate/australia/?page=11'
2026-03-17 17:24:48 [info     ] http_request                   response_time_ms=1354.2 scraper=IDPCourseScraper status_code=200 url='https://www.idp.com/nepal/find-a-course/all-subject/postgraduate/australia/?page=12'
2026-03-17 17:24:50 [info     ] http_request                   response_time_ms=1230.0 scraper=IDPCourseScraper status_code=200 url='https://www.idp.com/nepal/find-a-course/all-subject/postgraduate/australia/?page=13'
2026-03-17 17:24:51 [info     ] http_request                   response_time_ms=1346.6 scraper=IDPCourseScraper status_code=200 url='https://www.idp.com/nepal/find-a-course/all-subject/postgraduate/australia/?page=14'
2026-03-17 17:24:52 [info     ] http_request                   response_time_ms=1184.2 scraper=IDPCourseScraper status_code=200 url='https://www.idp.com/nepal/find-a-course/all-subject/postgraduate/australia/?page=15'
2026-03-17 17:24:54 [info     ] http_request                   response_time_ms=1372.7 scraper=IDPCourseScraper status_code=200 url='https://www.idp.com/nepal/find-a-course/all-subject/postgraduate/australia/?page=16'
2026-03-17 17:24:55 [info     ] http_request                   response_time_ms=1302.3 scraper=IDPCourseScraper status_code=200 url='https://www.idp.com/nepal/find-a-course/all-subject/postgraduate/australia/?page=17'
2026-03-17 17:24:56 [info     ] http_request                   response_time_ms=1139.2 scraper=IDPCourseScraper status_code=200 url='https://www.idp.com/nepal/find-a-course/all-subject/postgraduate/australia/?page=18'
2026-03-17 17:24:58 [info     ] http_request                   response_time_ms=1153.4 scraper=IDPCourseScraper status_code=200 url='https://www.idp.com/nepal/find-a-course/all-subject/postgraduate/australia/?page=19'
2026-03-17 17:24:59 [info     ] http_request                   response_time_ms=958.8 scraper=IDPCourseScraper status_code=200 url='https://www.idp.com/nepal/find-a-course/all-subject/postgraduate/australia/?page=20'
2026-03-17 17:25:00 [info     ] http_request                   response_time_ms=1175.8 scraper=IDPCourseScraper status_code=200 url='https://www.idp.com/nepal/find-a-course/all-subject/postgraduate/australia/?page=21'
2026-03-17 17:25:01 [info     ] http_request                   response_time_ms=1153.0 scraper=IDPCourseScraper status_code=200 url='https://www.idp.com/nepal/find-a-course/all-subject/postgraduate/australia/?page=22'
2026-03-17 17:25:02 [info     ] http_request                   response_time_ms=1156.0 scraper=IDPCourseScraper status_code=200 url='https://www.idp.com/nepal/find-a-course/all-subject/postgraduate/australia/?page=23'
2026-03-17 17:25:03 [info     ] http_request                   response_time_ms=1269.5 scraper=IDPCourseScraper status_code=200 url='https://www.idp.com/nepal/find-a-course/all-subject/postgraduate/australia/?page=24'
2026-03-17 17:25:05 [info     ] http_request                   response_time_ms=1258.8 scraper=IDPCourseScraper status_code=200 url='https://www.idp.com/nepal/find-a-course/all-subject/postgraduate/australia/?page=25'
2026-03-17 17:25:06 [info     ] http_request                   response_time_ms=1215.9 scraper=IDPCourseScraper status_code=200 url='https://www.idp.com/nepal/find-a-course/all-subject/postgraduate/australia/?page=26'
2026-03-17 17:25:07 [info     ] http_request                   response_time_ms=1222.5 scraper=IDPCourseScraper status_code=200 url='https://www.idp.com/nepal/find-a-course/all-subject/postgraduate/australia/?page=27'
2026-03-17 17:25:09 [info     ] http_request                   response_time_ms=1198.2 scraper=IDPCourseScraper status_code=200 url='https://www.idp.com/nepal/find-a-course/all-subject/postgraduate/australia/?page=28'
2026-03-17 17:25:10 [info     ] http_request                   response_time_ms=1300.3 scraper=IDPCourseScraper status_code=200 url='https://www.idp.com/nepal/find-a-course/all-subject/postgraduate/australia/?page=29'
2026-03-17 17:25:11 [info     ] http_request                   response_time_ms=1188.3 scraper=IDPCourseScraper status_code=200 url='https://www.idp.com/nepal/find-a-course/all-subject/postgraduate/australia/?page=30'
2026-03-17 17:25:13 [info     ] http_request                   response_time_ms=1480.5 scraper=IDPCourseScraper status_code=200 url='https://www.idp.com/nepal/find-a-course/all-subject/postgraduate/australia/?page=31'
2026-03-17 17:25:14 [info     ] http_request                   response_time_ms=1208.2 scraper=IDPCourseScraper status_code=200 url='https://www.idp.com/nepal/find-a-course/all-subject/postgraduate/australia/?page=32'
2026-03-17 17:25:15 [info     ] http_request                   response_time_ms=1407.3 scraper=IDPCourseScraper status_code=200 url='https://www.idp.com/nepal/find-a-course/all-subject/postgraduate/australia/?page=33'
2026-03-17 17:25:17 [info     ] http_request                   response_time_ms=1186.5 scraper=IDPCourseScraper status_code=200 url='https://www.idp.com/nepal/find-a-course/all-subject/postgraduate/australia/?page=34'
2026-03-17 17:25:18 [info     ] http_request                   response_time_ms=1417.9 scraper=IDPCourseScraper status_code=200 url='https://www.idp.com/nepal/find-a-course/all-subject/postgraduate/australia/?page=35'
2026-03-17 17:25:19 [info     ] http_request                   response_time_ms=1178.5 scraper=IDPCourseScraper status_code=200 url='https://www.idp.com/nepal/find-a-course/all-subject/postgraduate/australia/?page=36'
2026-03-17 17:25:20 [info     ] http_request                   response_time_ms=1149.8 scraper=IDPCourseScraper status_code=200 url='https://www.idp.com/nepal/find-a-course/all-subject/postgraduate/australia/?page=37'
2026-03-17 17:25:22 [info     ] http_request                   response_time_ms=1240.7 scraper=IDPCourseScraper status_code=200 url='https://www.idp.com/nepal/find-a-course/all-subject/postgraduate/australia/?page=38'
2026-03-17 17:25:23 [info     ] http_request                   response_time_ms=1212.3 scraper=IDPCourseScraper status_code=200 url='https://www.idp.com/nepal/find-a-course/all-subject/postgraduate/australia/?page=39'
2026-03-17 17:25:24 [info     ] http_request                   response_time_ms=1223.8 scraper=IDPCourseScraper status_code=200 url='https://www.idp.com/nepal/find-a-course/all-subject/postgraduate/australia/?page=40'
2026-03-17 17:25:25 [info     ] http_request                   response_time_ms=818.3 scraper=IDPCourseScraper status_code=200 url='https://www.idp.com/nepal/find-a-course/all-subject/postgraduate/australia/?page=41'
2026-03-17 17:25:27 [info     ] http_request                   response_time_ms=1339.5 scraper=IDPCourseScraper status_code=200 url='https://www.idp.com/nepal/find-a-course/all-subject/postgraduate/australia/?page=42'
2026-03-17 17:25:28 [info     ] http_request                   response_time_ms=1243.1 scraper=IDPCourseScraper status_code=200 url='https://www.idp.com/nepal/find-a-course/all-subject/postgraduate/australia/?page=43'
2026-03-17 17:25:29 [info     ] http_request                   response_time_ms=1198.6 scraper=IDPCourseScraper status_code=200 url='https://www.idp.com/nepal/find-a-course/all-subject/postgraduate/australia/?page=44'
2026-03-17 17:25:30 [info     ] http_request                   response_time_ms=1184.2 scraper=IDPCourseScraper status_code=200 url='https://www.idp.com/nepal/find-a-course/all-subject/postgraduate/australia/?page=45'
2026-03-17 17:25:33 [info     ] http_request                   response_time_ms=2358.0 scraper=IDPCourseScraper status_code=200 url='https://www.idp.com/nepal/find-a-course/all-subject/postgraduate/australia/?page=46'
2026-03-17 17:25:34 [info     ] http_request                   response_time_ms=1137.9 scraper=IDPCourseScraper status_code=200 url='https://www.idp.com/nepal/find-a-course/all-subject/postgraduate/australia/?page=47'
2026-03-17 17:25:35 [info     ] http_request                   response_time_ms=1146.9 scraper=IDPCourseScraper status_code=200 url='https://www.idp.com/nepal/find-a-course/all-subject/postgraduate/australia/?page=48'
2026-03-17 17:25:36 [info     ] http_request                   response_time_ms=1193.9 scraper=IDPCourseScraper status_code=200 url='https://www.idp.com/nepal/find-a-course/all-subject/postgraduate/australia/?page=49'
2026-03-17 17:25:36 [info     ] pagination_progress            courses_so_far=588 page=50 scraper=IDPCourseScraper
2026-03-17 17:25:38 [info     ] http_request                   response_time_ms=1201.5 scraper=IDPCourseScraper status_code=200 url='https://www.idp.com/nepal/find-a-course/all-subject/postgraduate/australia/?page=50'
2026-03-17 17:25:39 [info     ] http_request                   response_time_ms=1214.4 scraper=IDPCourseScraper status_code=200 url='https://www.idp.com/nepal/find-a-course/all-subject/postgraduate/australia/?page=51'
2026-03-17 17:25:40 [info     ] http_request                   response_time_ms=1388.6 scraper=IDPCourseScraper status_code=200 url='https://www.idp.com/nepal/find-a-course/all-subject/postgraduate/australia/?page=52'
2026-03-17 17:25:41 [info     ] http_request                   response_time_ms=1154.8 scraper=IDPCourseScraper status_code=200 url='https://www.idp.com/nepal/find-a-course/all-subject/postgraduate/australia/?page=53'
2026-03-17 17:25:43 [info     ] http_request                   response_time_ms=1408.5 scraper=IDPCourseScraper status_code=200 url='https://www.idp.com/nepal/find-a-course/all-subject/postgraduate/australia/?page=54'
2026-03-17 17:25:44 [info     ] http_request                   response_time_ms=1415.8 scraper=IDPCourseScraper status_code=200 url='https://www.idp.com/nepal/find-a-course/all-subject/postgraduate/australia/?page=55'
2026-03-17 17:25:46 [info     ] http_request                   response_time_ms=1239.8 scraper=IDPCourseScraper status_code=200 url='https://www.idp.com/nepal/find-a-course/all-subject/postgraduate/australia/?page=56'
2026-03-17 17:25:47 [info     ] http_request                   response_time_ms=1423.5 scraper=IDPCourseScraper status_code=200 url='https://www.idp.com/nepal/find-a-course/all-subject/postgraduate/australia/?page=57'
2026-03-17 17:25:48 [info     ] http_request                   response_time_ms=1168.9 scraper=IDPCourseScraper status_code=200 url='https://www.idp.com/nepal/find-a-course/all-subject/postgraduate/australia/?page=58'
2026-03-17 17:25:50 [info     ] http_request                   response_time_ms=1176.1 scraper=IDPCourseScraper status_code=200 url='https://www.idp.com/nepal/find-a-course/all-subject/postgraduate/australia/?page=59'
2026-03-17 17:25:51 [info     ] http_request                   response_time_ms=891.8 scraper=IDPCourseScraper status_code=200 url='https://www.idp.com/nepal/find-a-course/all-subject/postgraduate/australia/?page=60'
2026-03-17 17:25:52 [info     ] http_request                   response_time_ms=1210.9 scraper=IDPCourseScraper status_code=200 url='https://www.idp.com/nepal/find-a-course/all-subject/postgraduate/australia/?page=61'
2026-03-17 17:25:53 [info     ] http_request                   response_time_ms=1166.0 scraper=IDPCourseScraper status_code=200 url='https://www.idp.com/nepal/find-a-course/all-subject/postgraduate/australia/?page=62'
2026-03-17 17:25:54 [info     ] http_request                   response_time_ms=1230.2 scraper=IDPCourseScraper status_code=200 url='https://www.idp.com/nepal/find-a-course/all-subject/postgraduate/australia/?page=63'
2026-03-17 17:25:56 [info     ] http_request                   response_time_ms=1461.2 scraper=IDPCourseScraper status_code=200 url='https://www.idp.com/nepal/find-a-course/all-subject/postgraduate/australia/?page=64'
2026-03-17 17:25:57 [info     ] http_request                   response_time_ms=1236.4 scraper=IDPCourseScraper status_code=200 url='https://www.idp.com/nepal/find-a-course/all-subject/postgraduate/australia/?page=65'
2026-03-17 17:25:58 [info     ] http_request                   response_time_ms=1213.5 scraper=IDPCourseScraper status_code=200 url='https://www.idp.com/nepal/find-a-course/all-subject/postgraduate/australia/?page=66'
2026-03-17 17:26:00 [info     ] http_request                   response_time_ms=1252.3 scraper=IDPCourseScraper status_code=200 url='https://www.idp.com/nepal/find-a-course/all-subject/postgraduate/australia/?page=67'
2026-03-17 17:26:01 [info     ] http_request                   response_time_ms=1240.4 scraper=IDPCourseScraper status_code=200 url='https://www.idp.com/nepal/find-a-course/all-subject/postgraduate/australia/?page=68'
2026-03-17 17:26:02 [info     ] http_request                   response_time_ms=1288.3 scraper=IDPCourseScraper status_code=200 url='https://www.idp.com/nepal/find-a-course/all-subject/postgraduate/australia/?page=69'
2026-03-17 17:26:03 [info     ] http_request                   response_time_ms=1196.6 scraper=IDPCourseScraper status_code=200 url='https://www.idp.com/nepal/find-a-course/all-subject/postgraduate/australia/?page=70'
2026-03-17 17:26:05 [info     ] http_request                   response_time_ms=1270.5 scraper=IDPCourseScraper status_code=200 url='https://www.idp.com/nepal/find-a-course/all-subject/postgraduate/australia/?page=71'
2026-03-17 17:26:06 [info     ] http_request                   response_time_ms=1231.0 scraper=IDPCourseScraper status_code=200 url='https://www.idp.com/nepal/find-a-course/all-subject/postgraduate/australia/?page=72'
2026-03-17 17:26:07 [info     ] http_request                   response_time_ms=1204.5 scraper=IDPCourseScraper status_code=200 url='https://www.idp.com/nepal/find-a-course/all-subject/postgraduate/australia/?page=73'
2026-03-17 17:26:09 [info     ] http_request                   response_time_ms=1145.0 scraper=IDPCourseScraper status_code=200 url='https://www.idp.com/nepal/find-a-course/all-subject/postgraduate/australia/?page=74'
2026-03-17 17:26:10 [info     ] http_request                   response_time_ms=1509.4 scraper=IDPCourseScraper status_code=200 url='https://www.idp.com/nepal/find-a-course/all-subject/postgraduate/australia/?page=75'
2026-03-17 17:26:11 [info     ] http_request                   response_time_ms=1147.4 scraper=IDPCourseScraper status_code=200 url='https://www.idp.com/nepal/find-a-course/all-subject/postgraduate/australia/?page=76'
2026-03-17 17:26:13 [info     ] http_request                   response_time_ms=1221.9 scraper=IDPCourseScraper status_code=200 url='https://www.idp.com/nepal/find-a-course/all-subject/postgraduate/australia/?page=77'
2026-03-17 17:26:14 [info     ] http_request                   response_time_ms=1270.9 scraper=IDPCourseScraper status_code=200 url='https://www.idp.com/nepal/find-a-course/all-subject/postgraduate/australia/?page=78'
2026-03-17 17:26:16 [info     ] http_request                   response_time_ms=1619.0 scraper=IDPCourseScraper status_code=200 url='https://www.idp.com/nepal/find-a-course/all-subject/postgraduate/australia/?page=79'
2026-03-17 17:26:17 [info     ] http_request                   response_time_ms=1395.7 scraper=IDPCourseScraper status_code=200 url='https://www.idp.com/nepal/find-a-course/all-subject/postgraduate/australia/?page=80'
2026-03-17 17:26:18 [info     ] http_request                   response_time_ms=1133.8 scraper=IDPCourseScraper status_code=200 url='https://www.idp.com/nepal/find-a-course/all-subject/postgraduate/australia/?page=81'
2026-03-17 17:26:20 [info     ] http_request                   response_time_ms=1394.3 scraper=IDPCourseScraper status_code=200 url='https://www.idp.com/nepal/find-a-course/all-subject/postgraduate/australia/?page=82'
2026-03-17 17:26:21 [info     ] http_request                   response_time_ms=1457.3 scraper=IDPCourseScraper status_code=200 url='https://www.idp.com/nepal/find-a-course/all-subject/postgraduate/australia/?page=83'
2026-03-17 17:26:22 [info     ] http_request                   response_time_ms=1199.6 scraper=IDPCourseScraper status_code=200 url='https://www.idp.com/nepal/find-a-course/all-subject/postgraduate/australia/?page=84'
2026-03-17 17:26:23 [info     ] http_request                   response_time_ms=1125.6 scraper=IDPCourseScraper status_code=200 url='https://www.idp.com/nepal/find-a-course/all-subject/postgraduate/australia/?page=85'
2026-03-17 17:26:25 [info     ] http_request                   response_time_ms=1172.4 scraper=IDPCourseScraper status_code=200 url='https://www.idp.com/nepal/find-a-course/all-subject/postgraduate/australia/?page=86'
2026-03-17 17:26:26 [info     ] http_request                   response_time_ms=1349.5 scraper=IDPCourseScraper status_code=200 url='https://www.idp.com/nepal/find-a-course/all-subject/postgraduate/australia/?page=87'
2026-03-17 17:26:27 [info     ] http_request                   response_time_ms=1261.8 scraper=IDPCourseScraper status_code=200 url='https://www.idp.com/nepal/find-a-course/all-subject/postgraduate/australia/?page=88'
2026-03-17 17:26:29 [info     ] http_request                   response_time_ms=1298.6 scraper=IDPCourseScraper status_code=200 url='https://www.idp.com/nepal/find-a-course/all-subject/postgraduate/australia/?page=89'
2026-03-17 17:26:30 [info     ] http_request                   response_time_ms=1215.0 scraper=IDPCourseScraper status_code=200 url='https://www.idp.com/nepal/find-a-course/all-subject/postgraduate/australia/?page=90'
2026-03-17 17:26:31 [info     ] http_request                   response_time_ms=1199.3 scraper=IDPCourseScraper status_code=200 url='https://www.idp.com/nepal/find-a-course/all-subject/postgraduate/australia/?page=91'
2026-03-17 17:26:33 [info     ] http_request                   response_time_ms=1401.9 scraper=IDPCourseScraper status_code=200 url='https://www.idp.com/nepal/find-a-course/all-subject/postgraduate/australia/?page=92'
2026-03-17 17:26:34 [info     ] http_request                   response_time_ms=1260.1 scraper=IDPCourseScraper status_code=200 url='https://www.idp.com/nepal/find-a-course/all-subject/postgraduate/australia/?page=93'
2026-03-17 17:26:35 [info     ] http_request                   response_time_ms=1248.7 scraper=IDPCourseScraper status_code=200 url='https://www.idp.com/nepal/find-a-course/all-subject/postgraduate/australia/?page=94'
2026-03-17 17:26:36 [info     ] http_request                   response_time_ms=1149.3 scraper=IDPCourseScraper status_code=200 url='https://www.idp.com/nepal/find-a-course/all-subject/postgraduate/australia/?page=95'
2026-03-17 17:26:38 [info     ] http_request                   response_time_ms=1372.7 scraper=IDPCourseScraper status_code=200 url='https://www.idp.com/nepal/find-a-course/all-subject/postgraduate/australia/?page=96'
2026-03-17 17:26:39 [info     ] http_request                   response_time_ms=1287.4 scraper=IDPCourseScraper status_code=200 url='https://www.idp.com/nepal/find-a-course/all-subject/postgraduate/australia/?page=97'
2026-03-17 17:26:41 [info     ] http_request                   response_time_ms=1324.6 scraper=IDPCourseScraper status_code=200 url='https://www.idp.com/nepal/find-a-course/all-subject/postgraduate/australia/?page=98'
2026-03-17 17:26:42 [info     ] http_request                   response_time_ms=1252.0 scraper=IDPCourseScraper status_code=200 url='https://www.idp.com/nepal/find-a-course/all-subject/postgraduate/australia/?page=99'
2026-03-17 17:26:42 [info     ] pagination_progress            courses_so_far=1188 page=100 scraper=IDPCourseScraper
2026-03-17 17:26:43 [info     ] http_request                   response_time_ms=804.8 scraper=IDPCourseScraper status_code=200 url='https://www.idp.com/nepal/find-a-course/all-subject/postgraduate/australia/?page=100'
2026-03-17 17:26:44 [info     ] http_request                   response_time_ms=1210.6 scraper=IDPCourseScraper status_code=200 url='https://www.idp.com/nepal/find-a-course/all-subject/postgraduate/australia/?page=101'
2026-03-17 17:26:45 [info     ] http_request                   response_time_ms=1182.7 scraper=IDPCourseScraper status_code=200 url='https://www.idp.com/nepal/find-a-course/all-subject/postgraduate/australia/?page=102'
2026-03-17 17:26:47 [info     ] http_request                   response_time_ms=1409.0 scraper=IDPCourseScraper status_code=200 url='https://www.idp.com/nepal/find-a-course/all-subject/postgraduate/australia/?page=103'
2026-03-17 17:26:48 [info     ] http_request                   response_time_ms=1164.5 scraper=IDPCourseScraper status_code=200 url='https://www.idp.com/nepal/find-a-course/all-subject/postgraduate/australia/?page=104'
2026-03-17 17:26:50 [info     ] http_request                   response_time_ms=1480.6 scraper=IDPCourseScraper status_code=200 url='https://www.idp.com/nepal/find-a-course/all-subject/postgraduate/australia/?page=105'
2026-03-17 17:26:51 [info     ] http_request                   response_time_ms=1176.0 scraper=IDPCourseScraper status_code=200 url='https://www.idp.com/nepal/find-a-course/all-subject/postgraduate/australia/?page=106'
2026-03-17 17:26:52 [info     ] http_request                   response_time_ms=1209.8 scraper=IDPCourseScraper status_code=200 url='https://www.idp.com/nepal/find-a-course/all-subject/postgraduate/australia/?page=107'
2026-03-17 17:26:53 [info     ] http_request                   response_time_ms=1239.0 scraper=IDPCourseScraper status_code=200 url='https://www.idp.com/nepal/find-a-course/all-subject/postgraduate/australia/?page=108'
2026-03-17 17:26:55 [info     ] http_request                   response_time_ms=1231.5 scraper=IDPCourseScraper status_code=200 url='https://www.idp.com/nepal/find-a-course/all-subject/postgraduate/australia/?page=109'
2026-03-17 17:26:56 [info     ] http_request                   response_time_ms=1291.4 scraper=IDPCourseScraper status_code=200 url='https://www.idp.com/nepal/find-a-course/all-subject/postgraduate/australia/?page=110'
2026-03-17 17:26:57 [info     ] http_request                   response_time_ms=1458.7 scraper=IDPCourseScraper status_code=200 url='https://www.idp.com/nepal/find-a-course/all-subject/postgraduate/australia/?page=111'
2026-03-17 17:26:59 [info     ] http_request                   response_time_ms=1230.0 scraper=IDPCourseScraper status_code=200 url='https://www.idp.com/nepal/find-a-course/all-subject/postgraduate/australia/?page=112'
2026-03-17 17:27:00 [info     ] http_request                   response_time_ms=1402.8 scraper=IDPCourseScraper status_code=200 url='https://www.idp.com/nepal/find-a-course/all-subject/postgraduate/australia/?page=113'
2026-03-17 17:27:02 [info     ] http_request                   response_time_ms=1578.3 scraper=IDPCourseScraper status_code=200 url='https://www.idp.com/nepal/find-a-course/all-subject/postgraduate/australia/?page=114'
2026-03-17 17:27:03 [info     ] http_request                   response_time_ms=1188.9 scraper=IDPCourseScraper status_code=200 url='https://www.idp.com/nepal/find-a-course/all-subject/postgraduate/australia/?page=115'
2026-03-17 17:27:04 [info     ] http_request                   response_time_ms=1002.8 scraper=IDPCourseScraper status_code=200 url='https://www.idp.com/nepal/find-a-course/all-subject/postgraduate/australia/?page=116'
2026-03-17 17:27:06 [info     ] http_request                   response_time_ms=1613.0 scraper=IDPCourseScraper status_code=200 url='https://www.idp.com/nepal/find-a-course/all-subject/postgraduate/australia/?page=117'
2026-03-17 17:27:07 [info     ] http_request                   response_time_ms=849.8 scraper=IDPCourseScraper status_code=200 url='https://www.idp.com/nepal/find-a-course/all-subject/postgraduate/australia/?page=118'
2026-03-17 17:27:08 [info     ] http_request                   response_time_ms=1170.0 scraper=IDPCourseScraper status_code=200 url='https://www.idp.com/nepal/find-a-course/all-subject/postgraduate/australia/?page=119'
2026-03-17 17:27:09 [info     ] http_request                   response_time_ms=1261.2 scraper=IDPCourseScraper status_code=200 url='https://www.idp.com/nepal/find-a-course/all-subject/postgraduate/australia/?page=120'
2026-03-17 17:27:11 [info     ] http_request                   response_time_ms=1556.7 scraper=IDPCourseScraper status_code=200 url='https://www.idp.com/nepal/find-a-course/all-subject/postgraduate/australia/?page=121'
2026-03-17 17:27:12 [info     ] http_request                   response_time_ms=1608.3 scraper=IDPCourseScraper status_code=200 url='https://www.idp.com/nepal/find-a-course/all-subject/postgraduate/australia/?page=122'
2026-03-17 17:27:14 [info     ] http_request                   response_time_ms=1224.2 scraper=IDPCourseScraper status_code=200 url='https://www.idp.com/nepal/find-a-course/all-subject/postgraduate/australia/?page=123'
2026-03-17 17:27:15 [info     ] http_request                   response_time_ms=1282.6 scraper=IDPCourseScraper status_code=200 url='https://www.idp.com/nepal/find-a-course/all-subject/postgraduate/australia/?page=124'
2026-03-17 17:27:16 [info     ] http_request                   response_time_ms=1283.6 scraper=IDPCourseScraper status_code=200 url='https://www.idp.com/nepal/find-a-course/all-subject/postgraduate/australia/?page=125'
2026-03-17 17:27:18 [info     ] http_request                   response_time_ms=1191.1 scraper=IDPCourseScraper status_code=200 url='https://www.idp.com/nepal/find-a-course/all-subject/postgraduate/australia/?page=126'
2026-03-17 17:27:19 [info     ] http_request                   response_time_ms=980.7 scraper=IDPCourseScraper status_code=200 url='https://www.idp.com/nepal/find-a-course/all-subject/postgraduate/australia/?page=127'
2026-03-17 17:27:20 [info     ] http_request                   response_time_ms=1217.2 scraper=IDPCourseScraper status_code=200 url='https://www.idp.com/nepal/find-a-course/all-subject/postgraduate/australia/?page=128'
2026-03-17 17:27:21 [info     ] http_request                   response_time_ms=1239.8 scraper=IDPCourseScraper status_code=200 url='https://www.idp.com/nepal/find-a-course/all-subject/postgraduate/australia/?page=129'
2026-03-17 17:27:22 [info     ] http_request                   response_time_ms=1183.0 scraper=IDPCourseScraper status_code=200 url='https://www.idp.com/nepal/find-a-course/all-subject/postgraduate/australia/?page=130'
2026-03-17 17:27:24 [info     ] http_request                   response_time_ms=1418.5 scraper=IDPCourseScraper status_code=200 url='https://www.idp.com/nepal/find-a-course/all-subject/postgraduate/australia/?page=131'
2026-03-17 17:27:25 [info     ] http_request                   response_time_ms=1502.7 scraper=IDPCourseScraper status_code=200 url='https://www.idp.com/nepal/find-a-course/all-subject/postgraduate/australia/?page=132'
2026-03-17 17:27:27 [info     ] http_request                   response_time_ms=1290.7 scraper=IDPCourseScraper status_code=200 url='https://www.idp.com/nepal/find-a-course/all-subject/postgraduate/australia/?page=133'
2026-03-17 17:27:28 [info     ] http_request                   response_time_ms=1213.0 scraper=IDPCourseScraper status_code=200 url='https://www.idp.com/nepal/find-a-course/all-subject/postgraduate/australia/?page=134'
2026-03-17 17:27:29 [info     ] http_request                   response_time_ms=1261.8 scraper=IDPCourseScraper status_code=200 url='https://www.idp.com/nepal/find-a-course/all-subject/postgraduate/australia/?page=135'
2026-03-17 17:27:31 [info     ] http_request                   response_time_ms=1716.9 scraper=IDPCourseScraper status_code=200 url='https://www.idp.com/nepal/find-a-course/all-subject/postgraduate/australia/?page=136'
2026-03-17 17:27:32 [info     ] http_request                   response_time_ms=1246.9 scraper=IDPCourseScraper status_code=200 url='https://www.idp.com/nepal/find-a-course/all-subject/postgraduate/australia/?page=137'
2026-03-17 17:27:34 [info     ] http_request                   response_time_ms=1447.9 scraper=IDPCourseScraper status_code=200 url='https://www.idp.com/nepal/find-a-course/all-subject/postgraduate/australia/?page=138'
2026-03-17 17:27:35 [info     ] http_request                   response_time_ms=1164.7 scraper=IDPCourseScraper status_code=200 url='https://www.idp.com/nepal/find-a-course/all-subject/postgraduate/australia/?page=139'
2026-03-17 17:27:36 [info     ] http_request                   response_time_ms=862.4 scraper=IDPCourseScraper status_code=200 url='https://www.idp.com/nepal/find-a-course/all-subject/postgraduate/australia/?page=140'
2026-03-17 17:27:38 [info     ] http_request                   response_time_ms=1582.9 scraper=IDPCourseScraper status_code=200 url='https://www.idp.com/nepal/find-a-course/all-subject/postgraduate/australia/?page=141'
2026-03-17 17:27:39 [info     ] http_request                   response_time_ms=1427.8 scraper=IDPCourseScraper status_code=200 url='https://www.idp.com/nepal/find-a-course/all-subject/postgraduate/australia/?page=142'
2026-03-17 17:27:40 [info     ] http_request                   response_time_ms=1183.3 scraper=IDPCourseScraper status_code=200 url='https://www.idp.com/nepal/find-a-course/all-subject/postgraduate/australia/?page=143'
2026-03-17 17:27:41 [info     ] http_request                   response_time_ms=1190.6 scraper=IDPCourseScraper status_code=200 url='https://www.idp.com/nepal/find-a-course/all-subject/postgraduate/australia/?page=144'
2026-03-17 17:27:43 [info     ] http_request                   response_time_ms=1235.1 scraper=IDPCourseScraper status_code=200 url='https://www.idp.com/nepal/find-a-course/all-subject/postgraduate/australia/?page=145'
2026-03-17 17:27:44 [info     ] http_request                   response_time_ms=1452.9 scraper=IDPCourseScraper status_code=200 url='https://www.idp.com/nepal/find-a-course/all-subject/postgraduate/australia/?page=146'
2026-03-17 17:27:45 [info     ] http_request                   response_time_ms=1176.7 scraper=IDPCourseScraper status_code=200 url='https://www.idp.com/nepal/find-a-course/all-subject/postgraduate/australia/?page=147'
2026-03-17 17:27:47 [info     ] http_request                   response_time_ms=1150.9 scraper=IDPCourseScraper status_code=200 url='https://www.idp.com/nepal/find-a-course/all-subject/postgraduate/australia/?page=148'
2026-03-17 17:27:48 [info     ] http_request                   response_time_ms=1194.1 scraper=IDPCourseScraper status_code=200 url='https://www.idp.com/nepal/find-a-course/all-subject/postgraduate/australia/?page=149'
2026-03-17 17:27:48 [info     ] pagination_progress            courses_so_far=1788 page=150 scraper=IDPCourseScraper
2026-03-17 17:27:50 [info     ] http_request                   response_time_ms=1576.3 scraper=IDPCourseScraper status_code=200 url='https://www.idp.com/nepal/find-a-course/all-subject/postgraduate/australia/?page=150'
2026-03-17 17:27:51 [info     ] http_request                   response_time_ms=1264.2 scraper=IDPCourseScraper status_code=200 url='https://www.idp.com/nepal/find-a-course/all-subject/postgraduate/australia/?page=151'
2026-03-17 17:27:52 [info     ] http_request                   response_time_ms=1198.5 scraper=IDPCourseScraper status_code=200 url='https://www.idp.com/nepal/find-a-course/all-subject/postgraduate/australia/?page=152'
2026-03-17 17:27:53 [info     ] http_request                   response_time_ms=1193.5 scraper=IDPCourseScraper status_code=200 url='https://www.idp.com/nepal/find-a-course/all-subject/postgraduate/australia/?page=153'
2026-03-17 17:27:55 [info     ] http_request                   response_time_ms=1200.7 scraper=IDPCourseScraper status_code=200 url='https://www.idp.com/nepal/find-a-course/all-subject/postgraduate/australia/?page=154'
2026-03-17 17:27:56 [info     ] http_request                   response_time_ms=1495.5 scraper=IDPCourseScraper status_code=200 url='https://www.idp.com/nepal/find-a-course/all-subject/postgraduate/australia/?page=155'
2026-03-17 17:27:57 [info     ] http_request                   response_time_ms=1301.0 scraper=IDPCourseScraper status_code=200 url='https://www.idp.com/nepal/find-a-course/all-subject/postgraduate/australia/?page=156'
2026-03-17 17:27:59 [info     ] http_request                   response_time_ms=1211.4 scraper=IDPCourseScraper status_code=200 url='https://www.idp.com/nepal/find-a-course/all-subject/postgraduate/australia/?page=157'
2026-03-17 17:28:00 [info     ] http_request                   response_time_ms=1391.4 scraper=IDPCourseScraper status_code=200 url='https://www.idp.com/nepal/find-a-course/all-subject/postgraduate/australia/?page=158'
2026-03-17 17:28:02 [info     ] http_request                   response_time_ms=1389.9 scraper=IDPCourseScraper status_code=200 url='https://www.idp.com/nepal/find-a-course/all-subject/postgraduate/australia/?page=159'
2026-03-17 17:28:03 [info     ] http_request                   response_time_ms=1213.3 scraper=IDPCourseScraper status_code=200 url='https://www.idp.com/nepal/find-a-course/all-subject/postgraduate/australia/?page=160'
2026-03-17 17:28:04 [info     ] http_request                   response_time_ms=1332.8 scraper=IDPCourseScraper status_code=200 url='https://www.idp.com/nepal/find-a-course/all-subject/postgraduate/australia/?page=161'
2026-03-17 17:28:05 [info     ] http_request                   response_time_ms=1244.2 scraper=IDPCourseScraper status_code=200 url='https://www.idp.com/nepal/find-a-course/all-subject/postgraduate/australia/?page=162'
2026-03-17 17:28:07 [info     ] http_request                   response_time_ms=1635.9 scraper=IDPCourseScraper status_code=200 url='https://www.idp.com/nepal/find-a-course/all-subject/postgraduate/australia/?page=163'
2026-03-17 17:28:08 [info     ] http_request                   response_time_ms=1108.4 scraper=IDPCourseScraper status_code=200 url='https://www.idp.com/nepal/find-a-course/all-subject/postgraduate/australia/?page=164'
2026-03-17 17:28:10 [info     ] http_request                   response_time_ms=1399.1 scraper=IDPCourseScraper status_code=200 url='https://www.idp.com/nepal/find-a-course/all-subject/postgraduate/australia/?page=165'
2026-03-17 17:28:11 [info     ] http_request                   response_time_ms=1186.1 scraper=IDPCourseScraper status_code=200 url='https://www.idp.com/nepal/find-a-course/all-subject/postgraduate/australia/?page=166'
2026-03-17 17:28:12 [info     ] http_request                   response_time_ms=1217.2 scraper=IDPCourseScraper status_code=200 url='https://www.idp.com/nepal/find-a-course/all-subject/postgraduate/australia/?page=167'
2026-03-17 17:28:13 [info     ] http_request                   response_time_ms=1221.6 scraper=IDPCourseScraper status_code=200 url='https://www.idp.com/nepal/find-a-course/all-subject/postgraduate/australia/?page=168'
2026-03-17 17:28:15 [info     ] http_request                   response_time_ms=1534.4 scraper=IDPCourseScraper status_code=200 url='https://www.idp.com/nepal/find-a-course/all-subject/postgraduate/australia/?page=169'
2026-03-17 17:28:16 [info     ] http_request                   response_time_ms=1197.1 scraper=IDPCourseScraper status_code=200 url='https://www.idp.com/nepal/find-a-course/all-subject/postgraduate/australia/?page=170'
2026-03-17 17:28:18 [info     ] http_request                   response_time_ms=1180.0 scraper=IDPCourseScraper status_code=200 url='https://www.idp.com/nepal/find-a-course/all-subject/postgraduate/australia/?page=171'
2026-03-17 17:28:19 [info     ] http_request                   response_time_ms=1319.9 scraper=IDPCourseScraper status_code=200 url='https://www.idp.com/nepal/find-a-course/all-subject/postgraduate/australia/?page=172'
2026-03-17 17:28:20 [info     ] http_request                   response_time_ms=1338.8 scraper=IDPCourseScraper status_code=200 url='https://www.idp.com/nepal/find-a-course/all-subject/postgraduate/australia/?page=173'
2026-03-17 17:28:22 [info     ] http_request                   response_time_ms=1517.0 scraper=IDPCourseScraper status_code=200 url='https://www.idp.com/nepal/find-a-course/all-subject/postgraduate/australia/?page=174'
2026-03-17 17:28:23 [info     ] http_request                   response_time_ms=1237.0 scraper=IDPCourseScraper status_code=200 url='https://www.idp.com/nepal/find-a-course/all-subject/postgraduate/australia/?page=175'
2026-03-17 17:28:24 [info     ] http_request                   response_time_ms=1108.8 scraper=IDPCourseScraper status_code=200 url='https://www.idp.com/nepal/find-a-course/all-subject/postgraduate/australia/?page=176'
2026-03-17 17:28:25 [info     ] http_request                   response_time_ms=1180.4 scraper=IDPCourseScraper status_code=200 url='https://www.idp.com/nepal/find-a-course/all-subject/postgraduate/australia/?page=177'
2026-03-17 17:28:27 [info     ] http_request                   response_time_ms=1582.0 scraper=IDPCourseScraper status_code=200 url='https://www.idp.com/nepal/find-a-course/all-subject/postgraduate/australia/?page=178'
2026-03-17 17:28:28 [info     ] http_request                   response_time_ms=966.2 scraper=IDPCourseScraper status_code=200 url='https://www.idp.com/nepal/find-a-course/all-subject/postgraduate/australia/?page=179'
2026-03-17 17:28:29 [info     ] http_request                   response_time_ms=1334.5 scraper=IDPCourseScraper status_code=200 url='https://www.idp.com/nepal/find-a-course/all-subject/postgraduate/australia/?page=180'
2026-03-17 17:28:31 [info     ] http_request                   response_time_ms=1229.0 scraper=IDPCourseScraper status_code=200 url='https://www.idp.com/nepal/find-a-course/all-subject/postgraduate/australia/?page=181'
2026-03-17 17:28:32 [info     ] http_request                   response_time_ms=1171.2 scraper=IDPCourseScraper status_code=200 url='https://www.idp.com/nepal/find-a-course/all-subject/postgraduate/australia/?page=182'
2026-03-17 17:28:33 [info     ] http_request                   response_time_ms=1314.6 scraper=IDPCourseScraper status_code=200 url='https://www.idp.com/nepal/find-a-course/all-subject/postgraduate/australia/?page=183'
2026-03-17 17:28:35 [info     ] http_request                   response_time_ms=1464.2 scraper=IDPCourseScraper status_code=200 url='https://www.idp.com/nepal/find-a-course/all-subject/postgraduate/australia/?page=184'
2026-03-17 17:28:36 [info     ] http_request                   response_time_ms=1267.3 scraper=IDPCourseScraper status_code=200 url='https://www.idp.com/nepal/find-a-course/all-subject/postgraduate/australia/?page=185'
2026-03-17 17:28:37 [info     ] http_request                   response_time_ms=1226.8 scraper=IDPCourseScraper status_code=200 url='https://www.idp.com/nepal/find-a-course/all-subject/postgraduate/australia/?page=186'
2026-03-17 17:28:39 [info     ] http_request                   response_time_ms=1171.3 scraper=IDPCourseScraper status_code=200 url='https://www.idp.com/nepal/find-a-course/all-subject/postgraduate/australia/?page=187'
2026-03-17 17:28:40 [info     ] http_request                   response_time_ms=1040.4 scraper=IDPCourseScraper status_code=200 url='https://www.idp.com/nepal/find-a-course/all-subject/postgraduate/australia/?page=188'
2026-03-17 17:28:41 [info     ] http_request                   response_time_ms=1239.2 scraper=IDPCourseScraper status_code=200 url='https://www.idp.com/nepal/find-a-course/all-subject/postgraduate/australia/?page=189'
2026-03-17 17:28:42 [info     ] http_request                   response_time_ms=1165.7 scraper=IDPCourseScraper status_code=200 url='https://www.idp.com/nepal/find-a-course/all-subject/postgraduate/australia/?page=190'
2026-03-17 17:28:43 [info     ] http_request                   response_time_ms=1174.9 scraper=IDPCourseScraper status_code=200 url='https://www.idp.com/nepal/find-a-course/all-subject/postgraduate/australia/?page=191'
2026-03-17 17:28:45 [info     ] http_request                   response_time_ms=1274.0 scraper=IDPCourseScraper status_code=200 url='https://www.idp.com/nepal/find-a-course/all-subject/postgraduate/australia/?page=192'
2026-03-17 17:28:46 [info     ] http_request                   response_time_ms=1144.1 scraper=IDPCourseScraper status_code=200 url='https://www.idp.com/nepal/find-a-course/all-subject/postgraduate/australia/?page=193'
2026-03-17 17:28:47 [info     ] http_request                   response_time_ms=1380.7 scraper=IDPCourseScraper status_code=200 url='https://www.idp.com/nepal/find-a-course/all-subject/postgraduate/australia/?page=194'
2026-03-17 17:28:48 [info     ] http_request                   response_time_ms=1121.9 scraper=IDPCourseScraper status_code=200 url='https://www.idp.com/nepal/find-a-course/all-subject/postgraduate/australia/?page=195'
2026-03-17 17:28:50 [info     ] http_request                   response_time_ms=1388.8 scraper=IDPCourseScraper status_code=200 url='https://www.idp.com/nepal/find-a-course/all-subject/postgraduate/australia/?page=196'
2026-03-17 17:28:51 [info     ] http_request                   response_time_ms=1303.8 scraper=IDPCourseScraper status_code=200 url='https://www.idp.com/nepal/find-a-course/all-subject/postgraduate/australia/?page=197'
2026-03-17 17:28:52 [info     ] http_request                   response_time_ms=1138.9 scraper=IDPCourseScraper status_code=200 url='https://www.idp.com/nepal/find-a-course/all-subject/postgraduate/australia/?page=198'
2026-03-17 17:28:54 [info     ] http_request                   response_time_ms=1413.7 scraper=IDPCourseScraper status_code=200 url='https://www.idp.com/nepal/find-a-course/all-subject/postgraduate/australia/?page=199'
2026-03-17 17:28:54 [info     ] pagination_progress            courses_so_far=2388 page=200 scraper=IDPCourseScraper
2026-03-17 17:28:55 [info     ] http_request                   response_time_ms=1546.7 scraper=IDPCourseScraper status_code=200 url='https://www.idp.com/nepal/find-a-course/all-subject/postgraduate/australia/?page=200'
2026-03-17 17:28:57 [info     ] http_request                   response_time_ms=1376.5 scraper=IDPCourseScraper status_code=200 url='https://www.idp.com/nepal/find-a-course/all-subject/postgraduate/australia/?page=201'
2026-03-17 17:28:58 [info     ] http_request                   response_time_ms=1351.4 scraper=IDPCourseScraper status_code=200 url='https://www.idp.com/nepal/find-a-course/all-subject/postgraduate/australia/?page=202'
2026-03-17 17:29:00 [info     ] http_request                   response_time_ms=1347.8 scraper=IDPCourseScraper status_code=200 url='https://www.idp.com/nepal/find-a-course/all-subject/postgraduate/australia/?page=203'
2026-03-17 17:29:01 [info     ] http_request                   response_time_ms=1417.8 scraper=IDPCourseScraper status_code=200 url='https://www.idp.com/nepal/find-a-course/all-subject/postgraduate/australia/?page=204'
2026-03-17 17:29:02 [info     ] http_request                   response_time_ms=1197.7 scraper=IDPCourseScraper status_code=200 url='https://www.idp.com/nepal/find-a-course/all-subject/postgraduate/australia/?page=205'
2026-03-17 17:29:04 [info     ] http_request                   response_time_ms=1678.4 scraper=IDPCourseScraper status_code=200 url='https://www.idp.com/nepal/find-a-course/all-subject/postgraduate/australia/?page=206'
2026-03-17 17:29:05 [info     ] http_request                   response_time_ms=1215.5 scraper=IDPCourseScraper status_code=200 url='https://www.idp.com/nepal/find-a-course/all-subject/postgraduate/australia/?page=207'
2026-03-17 17:29:07 [info     ] http_request                   response_time_ms=1239.2 scraper=IDPCourseScraper status_code=200 url='https://www.idp.com/nepal/find-a-course/all-subject/postgraduate/australia/?page=208'
2026-03-17 17:29:08 [info     ] http_request                   response_time_ms=1180.8 scraper=IDPCourseScraper status_code=200 url='https://www.idp.com/nepal/find-a-course/all-subject/postgraduate/australia/?page=209'
2026-03-17 17:29:09 [info     ] http_request                   response_time_ms=1129.2 scraper=IDPCourseScraper status_code=200 url='https://www.idp.com/nepal/find-a-course/all-subject/postgraduate/australia/?page=210'
2026-03-17 17:29:10 [info     ] http_request                   response_time_ms=1259.2 scraper=IDPCourseScraper status_code=200 url='https://www.idp.com/nepal/find-a-course/all-subject/postgraduate/australia/?page=211'
2026-03-17 17:29:12 [info     ] http_request                   response_time_ms=1173.8 scraper=IDPCourseScraper status_code=200 url='https://www.idp.com/nepal/find-a-course/all-subject/postgraduate/australia/?page=212'
2026-03-17 17:29:13 [info     ] http_request                   response_time_ms=1435.3 scraper=IDPCourseScraper status_code=200 url='https://www.idp.com/nepal/find-a-course/all-subject/postgraduate/australia/?page=213'
2026-03-17 17:29:14 [info     ] http_request                   response_time_ms=1225.6 scraper=IDPCourseScraper status_code=200 url='https://www.idp.com/nepal/find-a-course/all-subject/postgraduate/australia/?page=214'
2026-03-17 17:29:15 [info     ] http_request                   response_time_ms=1178.6 scraper=IDPCourseScraper status_code=200 url='https://www.idp.com/nepal/find-a-course/all-subject/postgraduate/australia/?page=215'
2026-03-17 17:29:17 [info     ] http_request                   response_time_ms=1432.0 scraper=IDPCourseScraper status_code=200 url='https://www.idp.com/nepal/find-a-course/all-subject/postgraduate/australia/?page=216'
2026-03-17 17:29:18 [info     ] http_request                   response_time_ms=1327.6 scraper=IDPCourseScraper status_code=200 url='https://www.idp.com/nepal/find-a-course/all-subject/postgraduate/australia/?page=217'
2026-03-17 17:29:20 [info     ] http_request                   response_time_ms=1324.6 scraper=IDPCourseScraper status_code=200 url='https://www.idp.com/nepal/find-a-course/all-subject/postgraduate/australia/?page=218'
2026-03-17 17:29:21 [info     ] http_request                   response_time_ms=1217.4 scraper=IDPCourseScraper status_code=200 url='https://www.idp.com/nepal/find-a-course/all-subject/postgraduate/australia/?page=219'
2026-03-17 17:29:22 [info     ] http_request                   response_time_ms=1176.0 scraper=IDPCourseScraper status_code=200 url='https://www.idp.com/nepal/find-a-course/all-subject/postgraduate/australia/?page=220'
2026-03-17 17:29:24 [info     ] http_request                   response_time_ms=1355.2 scraper=IDPCourseScraper status_code=200 url='https://www.idp.com/nepal/find-a-course/all-subject/postgraduate/australia/?page=221'
2026-03-17 17:29:25 [info     ] http_request                   response_time_ms=1137.1 scraper=IDPCourseScraper status_code=200 url='https://www.idp.com/nepal/find-a-course/all-subject/postgraduate/australia/?page=222'
2026-03-17 17:29:26 [info     ] http_request                   response_time_ms=1399.4 scraper=IDPCourseScraper status_code=200 url='https://www.idp.com/nepal/find-a-course/all-subject/postgraduate/australia/?page=223'
2026-03-17 17:29:28 [info     ] http_request                   response_time_ms=1559.0 scraper=IDPCourseScraper status_code=200 url='https://www.idp.com/nepal/find-a-course/all-subject/postgraduate/australia/?page=224'
2026-03-17 17:29:29 [info     ] http_request                   response_time_ms=1211.9 scraper=IDPCourseScraper status_code=200 url='https://www.idp.com/nepal/find-a-course/all-subject/postgraduate/australia/?page=225'
2026-03-17 17:29:30 [info     ] http_request                   response_time_ms=1214.6 scraper=IDPCourseScraper status_code=200 url='https://www.idp.com/nepal/find-a-course/all-subject/postgraduate/australia/?page=226'
2026-03-17 17:29:32 [info     ] http_request                   response_time_ms=1620.5 scraper=IDPCourseScraper status_code=200 url='https://www.idp.com/nepal/find-a-course/all-subject/postgraduate/australia/?page=227'
2026-03-17 17:29:33 [info     ] http_request                   response_time_ms=1488.4 scraper=IDPCourseScraper status_code=200 url='https://www.idp.com/nepal/find-a-course/all-subject/postgraduate/australia/?page=228'
2026-03-17 17:29:35 [info     ] http_request                   response_time_ms=1169.6 scraper=IDPCourseScraper status_code=200 url='https://www.idp.com/nepal/find-a-course/all-subject/postgraduate/australia/?page=229'
2026-03-17 17:29:36 [info     ] http_request                   response_time_ms=1173.7 scraper=IDPCourseScraper status_code=200 url='https://www.idp.com/nepal/find-a-course/all-subject/postgraduate/australia/?page=230'
2026-03-17 17:29:37 [info     ] http_request                   response_time_ms=1444.3 scraper=IDPCourseScraper status_code=200 url='https://www.idp.com/nepal/find-a-course/all-subject/postgraduate/australia/?page=231'
2026-03-17 17:29:39 [info     ] http_request                   response_time_ms=1273.0 scraper=IDPCourseScraper status_code=200 url='https://www.idp.com/nepal/find-a-course/all-subject/postgraduate/australia/?page=232'
2026-03-17 17:29:40 [info     ] http_request                   response_time_ms=1226.8 scraper=IDPCourseScraper status_code=200 url='https://www.idp.com/nepal/find-a-course/all-subject/postgraduate/australia/?page=233'
2026-03-17 17:29:41 [info     ] http_request                   response_time_ms=1162.3 scraper=IDPCourseScraper status_code=200 url='https://www.idp.com/nepal/find-a-course/all-subject/postgraduate/australia/?page=234'
2026-03-17 17:29:43 [info     ] http_request                   response_time_ms=1305.9 scraper=IDPCourseScraper status_code=200 url='https://www.idp.com/nepal/find-a-course/all-subject/postgraduate/australia/?page=235'
2026-03-17 17:29:44 [info     ] http_request                   response_time_ms=1371.2 scraper=IDPCourseScraper status_code=200 url='https://www.idp.com/nepal/find-a-course/all-subject/postgraduate/australia/?page=236'
2026-03-17 17:29:45 [info     ] http_request                   response_time_ms=1350.6 scraper=IDPCourseScraper status_code=200 url='https://www.idp.com/nepal/find-a-course/all-subject/postgraduate/australia/?page=237'
2026-03-17 17:29:47 [info     ] http_request                   response_time_ms=1209.0 scraper=IDPCourseScraper status_code=200 url='https://www.idp.com/nepal/find-a-course/all-subject/postgraduate/australia/?page=238'
2026-03-17 17:29:48 [info     ] http_request                   response_time_ms=1256.8 scraper=IDPCourseScraper status_code=200 url='https://www.idp.com/nepal/find-a-course/all-subject/postgraduate/australia/?page=239'
2026-03-17 17:29:49 [info     ] http_request                   response_time_ms=1141.3 scraper=IDPCourseScraper status_code=200 url='https://www.idp.com/nepal/find-a-course/all-subject/postgraduate/australia/?page=240'
2026-03-17 17:29:50 [info     ] http_request                   response_time_ms=1340.4 scraper=IDPCourseScraper status_code=200 url='https://www.idp.com/nepal/find-a-course/all-subject/postgraduate/australia/?page=241'
2026-03-17 17:29:52 [info     ] http_request                   response_time_ms=1219.9 scraper=IDPCourseScraper status_code=200 url='https://www.idp.com/nepal/find-a-course/all-subject/postgraduate/australia/?page=242'
2026-03-17 17:29:53 [info     ] http_request                   response_time_ms=1172.7 scraper=IDPCourseScraper status_code=200 url='https://www.idp.com/nepal/find-a-course/all-subject/postgraduate/australia/?page=243'
2026-03-17 17:29:54 [info     ] http_request                   response_time_ms=1267.2 scraper=IDPCourseScraper status_code=200 url='https://www.idp.com/nepal/find-a-course/all-subject/postgraduate/australia/?page=244'
2026-03-17 17:29:56 [info     ] http_request                   response_time_ms=1282.5 scraper=IDPCourseScraper status_code=200 url='https://www.idp.com/nepal/find-a-course/all-subject/postgraduate/australia/?page=245'
2026-03-17 17:29:57 [info     ] http_request                   response_time_ms=977.2 scraper=IDPCourseScraper status_code=200 url='https://www.idp.com/nepal/find-a-course/all-subject/postgraduate/australia/?page=246'
2026-03-17 17:29:58 [info     ] http_request                   response_time_ms=1309.2 scraper=IDPCourseScraper status_code=200 url='https://www.idp.com/nepal/find-a-course/all-subject/postgraduate/australia/?page=247'
2026-03-17 17:29:59 [info     ] http_request                   response_time_ms=1306.3 scraper=IDPCourseScraper status_code=200 url='https://www.idp.com/nepal/find-a-course/all-subject/postgraduate/australia/?page=248'
2026-03-17 17:30:01 [info     ] http_request                   response_time_ms=1297.1 scraper=IDPCourseScraper status_code=200 url='https://www.idp.com/nepal/find-a-course/all-subject/postgraduate/australia/?page=249'
2026-03-17 17:30:01 [info     ] pagination_progress            courses_so_far=2988 page=250 scraper=IDPCourseScraper
2026-03-17 17:30:02 [info     ] http_request                   response_time_ms=1203.9 scraper=IDPCourseScraper status_code=200 url='https://www.idp.com/nepal/find-a-course/all-subject/postgraduate/australia/?page=250'
2026-03-17 17:30:03 [info     ] http_request                   response_time_ms=1275.1 scraper=IDPCourseScraper status_code=200 url='https://www.idp.com/nepal/find-a-course/all-subject/postgraduate/australia/?page=251'
2026-03-17 17:30:05 [info     ] http_request                   response_time_ms=1301.9 scraper=IDPCourseScraper status_code=200 url='https://www.idp.com/nepal/find-a-course/all-subject/postgraduate/australia/?page=252'
2026-03-17 17:30:06 [info     ] http_request                   response_time_ms=1201.3 scraper=IDPCourseScraper status_code=200 url='https://www.idp.com/nepal/find-a-course/all-subject/postgraduate/australia/?page=253'
2026-03-17 17:30:07 [info     ] http_request                   response_time_ms=1133.4 scraper=IDPCourseScraper status_code=200 url='https://www.idp.com/nepal/find-a-course/all-subject/postgraduate/australia/?page=254'
2026-03-17 17:30:08 [info     ] http_request                   response_time_ms=1225.0 scraper=IDPCourseScraper status_code=200 url='https://www.idp.com/nepal/find-a-course/all-subject/postgraduate/australia/?page=255'
2026-03-17 17:30:09 [info     ] http_request                   response_time_ms=1192.5 scraper=IDPCourseScraper status_code=200 url='https://www.idp.com/nepal/find-a-course/all-subject/postgraduate/australia/?page=256'
2026-03-17 17:30:11 [info     ] http_request                   response_time_ms=1212.8 scraper=IDPCourseScraper status_code=200 url='https://www.idp.com/nepal/find-a-course/all-subject/postgraduate/australia/?page=257'
2026-03-17 17:30:12 [info     ] http_request                   response_time_ms=892.1 scraper=IDPCourseScraper status_code=200 url='https://www.idp.com/nepal/find-a-course/all-subject/postgraduate/australia/?page=258'
2026-03-17 17:30:13 [info     ] http_request                   response_time_ms=1332.7 scraper=IDPCourseScraper status_code=200 url='https://www.idp.com/nepal/find-a-course/all-subject/postgraduate/australia/?page=259'
2026-03-17 17:30:14 [info     ] http_request                   response_time_ms=1314.4 scraper=IDPCourseScraper status_code=200 url='https://www.idp.com/nepal/find-a-course/all-subject/postgraduate/australia/?page=260'
2026-03-17 17:30:16 [info     ] http_request                   response_time_ms=1234.9 scraper=IDPCourseScraper status_code=200 url='https://www.idp.com/nepal/find-a-course/all-subject/postgraduate/australia/?page=261'
2026-03-17 17:30:17 [info     ] http_request                   response_time_ms=1206.3 scraper=IDPCourseScraper status_code=200 url='https://www.idp.com/nepal/find-a-course/all-subject/postgraduate/australia/?page=262'
2026-03-17 17:30:18 [info     ] http_request                   response_time_ms=1223.5 scraper=IDPCourseScraper status_code=200 url='https://www.idp.com/nepal/find-a-course/all-subject/postgraduate/australia/?page=263'
2026-03-17 17:30:20 [info     ] http_request                   response_time_ms=1459.8 scraper=IDPCourseScraper status_code=200 url='https://www.idp.com/nepal/find-a-course/all-subject/postgraduate/australia/?page=264'
2026-03-17 17:30:21 [info     ] http_request                   response_time_ms=1253.2 scraper=IDPCourseScraper status_code=200 url='https://www.idp.com/nepal/find-a-course/all-subject/postgraduate/australia/?page=265'
2026-03-17 17:30:22 [info     ] http_request                   response_time_ms=1476.8 scraper=IDPCourseScraper status_code=200 url='https://www.idp.com/nepal/find-a-course/all-subject/postgraduate/australia/?page=266'
2026-03-17 17:30:23 [info     ] http_request                   response_time_ms=873.8 scraper=IDPCourseScraper status_code=200 url='https://www.idp.com/nepal/find-a-course/all-subject/postgraduate/australia/?page=267'
2026-03-17 17:30:25 [info     ] http_request                   response_time_ms=1246.8 scraper=IDPCourseScraper status_code=200 url='https://www.idp.com/nepal/find-a-course/all-subject/postgraduate/australia/?page=268'
2026-03-17 17:30:26 [info     ] http_request                   response_time_ms=1200.2 scraper=IDPCourseScraper status_code=200 url='https://www.idp.com/nepal/find-a-course/all-subject/postgraduate/australia/?page=269'
2026-03-17 17:30:28 [info     ] http_request                   response_time_ms=1460.1 scraper=IDPCourseScraper status_code=200 url='https://www.idp.com/nepal/find-a-course/all-subject/postgraduate/australia/?page=270'
2026-03-17 17:30:29 [info     ] http_request                   response_time_ms=1242.7 scraper=IDPCourseScraper status_code=200 url='https://www.idp.com/nepal/find-a-course/all-subject/postgraduate/australia/?page=271'
2026-03-17 17:30:30 [info     ] http_request                   response_time_ms=1298.6 scraper=IDPCourseScraper status_code=200 url='https://www.idp.com/nepal/find-a-course/all-subject/postgraduate/australia/?page=272'
2026-03-17 17:30:32 [info     ] http_request                   response_time_ms=1525.7 scraper=IDPCourseScraper status_code=200 url='https://www.idp.com/nepal/find-a-course/all-subject/postgraduate/australia/?page=273'
2026-03-17 17:30:33 [info     ] http_request                   response_time_ms=1199.3 scraper=IDPCourseScraper status_code=200 url='https://www.idp.com/nepal/find-a-course/all-subject/postgraduate/australia/?page=274'
2026-03-17 17:30:34 [info     ] http_request                   response_time_ms=1441.0 scraper=IDPCourseScraper status_code=200 url='https://www.idp.com/nepal/find-a-course/all-subject/postgraduate/australia/?page=275'
2026-03-17 17:30:36 [info     ] http_request                   response_time_ms=1272.6 scraper=IDPCourseScraper status_code=200 url='https://www.idp.com/nepal/find-a-course/all-subject/postgraduate/australia/?page=276'
2026-03-17 17:30:37 [info     ] http_request                   response_time_ms=1257.3 scraper=IDPCourseScraper status_code=200 url='https://www.idp.com/nepal/find-a-course/all-subject/postgraduate/australia/?page=277'
2026-03-17 17:30:39 [info     ] http_request                   response_time_ms=1443.6 scraper=IDPCourseScraper status_code=200 url='https://www.idp.com/nepal/find-a-course/all-subject/postgraduate/australia/?page=278'
2026-03-17 17:30:40 [info     ] http_request                   response_time_ms=1104.0 scraper=IDPCourseScraper status_code=200 url='https://www.idp.com/nepal/find-a-course/all-subject/postgraduate/australia/?page=279'
2026-03-17 17:30:41 [info     ] http_request                   response_time_ms=1141.8 scraper=IDPCourseScraper status_code=200 url='https://www.idp.com/nepal/find-a-course/all-subject/postgraduate/australia/?page=280'
2026-03-17 17:30:42 [info     ] http_request                   response_time_ms=1293.3 scraper=IDPCourseScraper status_code=200 url='https://www.idp.com/nepal/find-a-course/all-subject/postgraduate/australia/?page=281'
2026-03-17 17:30:43 [info     ] http_request                   response_time_ms=1190.0 scraper=IDPCourseScraper status_code=200 url='https://www.idp.com/nepal/find-a-course/all-subject/postgraduate/australia/?page=282'
2026-03-17 17:30:45 [info     ] http_request                   response_time_ms=1184.7 scraper=IDPCourseScraper status_code=200 url='https://www.idp.com/nepal/find-a-course/all-subject/postgraduate/australia/?page=283'
2026-03-17 17:30:46 [info     ] http_request                   response_time_ms=1498.9 scraper=IDPCourseScraper status_code=200 url='https://www.idp.com/nepal/find-a-course/all-subject/postgraduate/australia/?page=284'
2026-03-17 17:30:47 [info     ] http_request                   response_time_ms=1163.8 scraper=IDPCourseScraper status_code=200 url='https://www.idp.com/nepal/find-a-course/all-subject/postgraduate/australia/?page=285'
2026-03-17 17:30:49 [info     ] http_request                   response_time_ms=1227.6 scraper=IDPCourseScraper status_code=200 url='https://www.idp.com/nepal/find-a-course/all-subject/postgraduate/australia/?page=286'
2026-03-17 17:30:50 [info     ] http_request                   response_time_ms=1202.3 scraper=IDPCourseScraper status_code=200 url='https://www.idp.com/nepal/find-a-course/all-subject/postgraduate/australia/?page=287'
2026-03-17 17:30:51 [info     ] http_request                   response_time_ms=1368.0 scraper=IDPCourseScraper status_code=200 url='https://www.idp.com/nepal/find-a-course/all-subject/postgraduate/australia/?page=288'
2026-03-17 17:30:52 [info     ] http_request                   response_time_ms=1025.3 scraper=IDPCourseScraper status_code=200 url='https://www.idp.com/nepal/find-a-course/all-subject/postgraduate/australia/?page=289'
2026-03-17 17:30:54 [info     ] http_request                   response_time_ms=1460.6 scraper=IDPCourseScraper status_code=200 url='https://www.idp.com/nepal/find-a-course/all-subject/postgraduate/australia/?page=290'
2026-03-17 17:30:55 [info     ] http_request                   response_time_ms=829.5 scraper=IDPCourseScraper status_code=200 url='https://www.idp.com/nepal/find-a-course/all-subject/postgraduate/australia/?page=291'
2026-03-17 17:30:57 [info     ] http_request                   response_time_ms=1565.3 scraper=IDPCourseScraper status_code=200 url='https://www.idp.com/nepal/find-a-course/all-subject/postgraduate/australia/?page=292'
2026-03-17 17:30:58 [info     ] http_request                   response_time_ms=1421.5 scraper=IDPCourseScraper status_code=200 url='https://www.idp.com/nepal/find-a-course/all-subject/postgraduate/australia/?page=293'
2026-03-17 17:30:59 [info     ] http_request                   response_time_ms=1183.7 scraper=IDPCourseScraper status_code=200 url='https://www.idp.com/nepal/find-a-course/all-subject/postgraduate/australia/?page=294'
2026-03-17 17:31:01 [info     ] http_request                   response_time_ms=1241.5 scraper=IDPCourseScraper status_code=200 url='https://www.idp.com/nepal/find-a-course/all-subject/postgraduate/australia/?page=295'
2026-03-17 17:31:02 [info     ] http_request                   response_time_ms=1209.1 scraper=IDPCourseScraper status_code=200 url='https://www.idp.com/nepal/find-a-course/all-subject/postgraduate/australia/?page=296'
2026-03-17 17:31:03 [info     ] http_request                   response_time_ms=1624.6 scraper=IDPCourseScraper status_code=200 url='https://www.idp.com/nepal/find-a-course/all-subject/postgraduate/australia/?page=297'
2026-03-17 17:31:05 [info     ] http_request                   response_time_ms=1156.6 scraper=IDPCourseScraper status_code=200 url='https://www.idp.com/nepal/find-a-course/all-subject/postgraduate/australia/?page=298'
2026-03-17 17:31:06 [info     ] http_request                   response_time_ms=1463.2 scraper=IDPCourseScraper status_code=200 url='https://www.idp.com/nepal/find-a-course/all-subject/postgraduate/australia/?page=299'
2026-03-17 17:31:06 [info     ] pagination_progress            courses_so_far=3588 page=300 scraper=IDPCourseScraper
2026-03-17 17:31:07 [info     ] http_request                   response_time_ms=1226.2 scraper=IDPCourseScraper status_code=200 url='https://www.idp.com/nepal/find-a-course/all-subject/postgraduate/australia/?page=300'
2026-03-17 17:31:09 [info     ] http_request                   response_time_ms=1232.6 scraper=IDPCourseScraper status_code=200 url='https://www.idp.com/nepal/find-a-course/all-subject/postgraduate/australia/?page=301'
2026-03-17 17:31:10 [info     ] http_request                   response_time_ms=1199.3 scraper=IDPCourseScraper status_code=200 url='https://www.idp.com/nepal/find-a-course/all-subject/postgraduate/australia/?page=302'
2026-03-17 17:31:11 [info     ] http_request                   response_time_ms=1325.7 scraper=IDPCourseScraper status_code=200 url='https://www.idp.com/nepal/find-a-course/all-subject/postgraduate/australia/?page=303'
2026-03-17 17:31:13 [info     ] http_request                   response_time_ms=1292.9 scraper=IDPCourseScraper status_code=200 url='https://www.idp.com/nepal/find-a-course/all-subject/postgraduate/australia/?page=304'
2026-03-17 17:31:14 [info     ] http_request                   response_time_ms=1359.5 scraper=IDPCourseScraper status_code=200 url='https://www.idp.com/nepal/find-a-course/all-subject/postgraduate/australia/?page=305'
2026-03-17 17:31:15 [info     ] http_request                   response_time_ms=1377.4 scraper=IDPCourseScraper status_code=200 url='https://www.idp.com/nepal/find-a-course/all-subject/postgraduate/australia/?page=306'
2026-03-17 17:31:17 [info     ] http_request                   response_time_ms=1212.0 scraper=IDPCourseScraper status_code=200 url='https://www.idp.com/nepal/find-a-course/all-subject/postgraduate/australia/?page=307'
2026-03-17 17:31:18 [info     ] http_request                   response_time_ms=1351.2 scraper=IDPCourseScraper status_code=200 url='https://www.idp.com/nepal/find-a-course/all-subject/postgraduate/australia/?page=308'
2026-03-17 17:31:19 [info     ] http_request                   response_time_ms=1164.1 scraper=IDPCourseScraper status_code=200 url='https://www.idp.com/nepal/find-a-course/all-subject/postgraduate/australia/?page=309'
2026-03-17 17:31:21 [info     ] http_request                   response_time_ms=1180.4 scraper=IDPCourseScraper status_code=200 url='https://www.idp.com/nepal/find-a-course/all-subject/postgraduate/australia/?page=310'
2026-03-17 17:31:22 [info     ] http_request                   response_time_ms=1401.8 scraper=IDPCourseScraper status_code=200 url='https://www.idp.com/nepal/find-a-course/all-subject/postgraduate/australia/?page=311'
2026-03-17 17:31:23 [info     ] http_request                   response_time_ms=1119.9 scraper=IDPCourseScraper status_code=200 url='https://www.idp.com/nepal/find-a-course/all-subject/postgraduate/australia/?page=312'
2026-03-17 17:31:24 [info     ] http_request                   response_time_ms=1241.3 scraper=IDPCourseScraper status_code=200 url='https://www.idp.com/nepal/find-a-course/all-subject/postgraduate/australia/?page=313'
2026-03-17 17:31:26 [info     ] http_request                   response_time_ms=1349.6 scraper=IDPCourseScraper status_code=200 url='https://www.idp.com/nepal/find-a-course/all-subject/postgraduate/australia/?page=314'
2026-03-17 17:31:27 [info     ] http_request                   response_time_ms=1206.4 scraper=IDPCourseScraper status_code=200 url='https://www.idp.com/nepal/find-a-course/all-subject/postgraduate/australia/?page=315'
2026-03-17 17:31:28 [info     ] http_request                   response_time_ms=1212.3 scraper=IDPCourseScraper status_code=200 url='https://www.idp.com/nepal/find-a-course/all-subject/postgraduate/australia/?page=316'
2026-03-17 17:31:30 [info     ] http_request                   response_time_ms=1440.1 scraper=IDPCourseScraper status_code=200 url='https://www.idp.com/nepal/find-a-course/all-subject/postgraduate/australia/?page=317'
2026-03-17 17:31:31 [info     ] http_request                   response_time_ms=1359.3 scraper=IDPCourseScraper status_code=200 url='https://www.idp.com/nepal/find-a-course/all-subject/postgraduate/australia/?page=318'
2026-03-17 17:31:32 [info     ] http_request                   response_time_ms=1165.7 scraper=IDPCourseScraper status_code=200 url='https://www.idp.com/nepal/find-a-course/all-subject/postgraduate/australia/?page=319'
2026-03-17 17:31:34 [info     ] http_request                   response_time_ms=1189.0 scraper=IDPCourseScraper status_code=200 url='https://www.idp.com/nepal/find-a-course/all-subject/postgraduate/australia/?page=320'
2026-03-17 17:31:35 [info     ] http_request                   response_time_ms=1345.2 scraper=IDPCourseScraper status_code=200 url='https://www.idp.com/nepal/find-a-course/all-subject/postgraduate/australia/?page=321'
2026-03-17 17:31:36 [info     ] http_request                   response_time_ms=1175.6 scraper=IDPCourseScraper status_code=200 url='https://www.idp.com/nepal/find-a-course/all-subject/postgraduate/australia/?page=322'
2026-03-17 17:31:38 [info     ] http_request                   response_time_ms=1200.3 scraper=IDPCourseScraper status_code=200 url='https://www.idp.com/nepal/find-a-course/all-subject/postgraduate/australia/?page=323'
2026-03-17 17:31:39 [info     ] http_request                   response_time_ms=948.8 scraper=IDPCourseScraper status_code=200 url='https://www.idp.com/nepal/find-a-course/all-subject/postgraduate/australia/?page=324'
2026-03-17 17:31:40 [info     ] http_request                   response_time_ms=1194.3 scraper=IDPCourseScraper status_code=200 url='https://www.idp.com/nepal/find-a-course/all-subject/postgraduate/australia/?page=325'
2026-03-17 17:31:41 [info     ] http_request                   response_time_ms=1214.3 scraper=IDPCourseScraper status_code=200 url='https://www.idp.com/nepal/find-a-course/all-subject/postgraduate/australia/?page=326'
2026-03-17 17:31:42 [info     ] http_request                   response_time_ms=1179.0 scraper=IDPCourseScraper status_code=200 url='https://www.idp.com/nepal/find-a-course/all-subject/postgraduate/australia/?page=327'
2026-03-17 17:31:44 [info     ] http_request                   response_time_ms=1265.6 scraper=IDPCourseScraper status_code=200 url='https://www.idp.com/nepal/find-a-course/all-subject/postgraduate/australia/?page=328'
2026-03-17 17:31:45 [info     ] http_request                   response_time_ms=1276.7 scraper=IDPCourseScraper status_code=200 url='https://www.idp.com/nepal/find-a-course/all-subject/postgraduate/australia/?page=329'
2026-03-17 17:31:46 [info     ] http_request                   response_time_ms=1136.2 scraper=IDPCourseScraper status_code=200 url='https://www.idp.com/nepal/find-a-course/all-subject/postgraduate/australia/?page=330'
2026-03-17 17:31:47 [info     ] http_request                   response_time_ms=1200.2 scraper=IDPCourseScraper status_code=200 url='https://www.idp.com/nepal/find-a-course/all-subject/postgraduate/australia/?page=331'
2026-03-17 17:31:49 [info     ] http_request                   response_time_ms=1321.6 scraper=IDPCourseScraper status_code=200 url='https://www.idp.com/nepal/find-a-course/all-subject/postgraduate/australia/?page=332'
2026-03-17 17:31:50 [info     ] http_request                   response_time_ms=1229.5 scraper=IDPCourseScraper status_code=200 url='https://www.idp.com/nepal/find-a-course/all-subject/postgraduate/australia/?page=333'
2026-03-17 17:31:51 [info     ] http_request                   response_time_ms=1177.7 scraper=IDPCourseScraper status_code=200 url='https://www.idp.com/nepal/find-a-course/all-subject/postgraduate/australia/?page=334'
2026-03-17 17:31:52 [info     ] http_request                   response_time_ms=1223.7 scraper=IDPCourseScraper status_code=200 url='https://www.idp.com/nepal/find-a-course/all-subject/postgraduate/australia/?page=335'
2026-03-17 17:31:54 [info     ] http_request                   response_time_ms=1195.3 scraper=IDPCourseScraper status_code=200 url='https://www.idp.com/nepal/find-a-course/all-subject/postgraduate/australia/?page=336'
2026-03-17 17:31:55 [info     ] http_request                   response_time_ms=1209.8 scraper=IDPCourseScraper status_code=200 url='https://www.idp.com/nepal/find-a-course/all-subject/postgraduate/australia/?page=337'
2026-03-17 17:31:56 [info     ] http_request                   response_time_ms=1352.0 scraper=IDPCourseScraper status_code=200 url='https://www.idp.com/nepal/find-a-course/all-subject/postgraduate/australia/?page=338'
2026-03-17 17:31:58 [info     ] http_request                   response_time_ms=1499.7 scraper=IDPCourseScraper status_code=200 url='https://www.idp.com/nepal/find-a-course/all-subject/postgraduate/australia/?page=339'
2026-03-17 17:31:59 [info     ] http_request                   response_time_ms=1190.8 scraper=IDPCourseScraper status_code=200 url='https://www.idp.com/nepal/find-a-course/all-subject/postgraduate/australia/?page=340'
2026-03-17 17:32:01 [info     ] http_request                   response_time_ms=1418.7 scraper=IDPCourseScraper status_code=200 url='https://www.idp.com/nepal/find-a-course/all-subject/postgraduate/australia/?page=341'
2026-03-17 17:32:02 [info     ] http_request                   response_time_ms=1603.5 scraper=IDPCourseScraper status_code=200 url='https://www.idp.com/nepal/find-a-course/all-subject/postgraduate/australia/?page=342'
2026-03-17 17:32:04 [info     ] http_request                   response_time_ms=1365.1 scraper=IDPCourseScraper status_code=200 url='https://www.idp.com/nepal/find-a-course/all-subject/postgraduate/australia/?page=343'
2026-03-17 17:32:05 [info     ] http_request                   response_time_ms=1226.3 scraper=IDPCourseScraper status_code=200 url='https://www.idp.com/nepal/find-a-course/all-subject/postgraduate/australia/?page=344'
2026-03-17 17:32:06 [info     ] http_request                   response_time_ms=1264.0 scraper=IDPCourseScraper status_code=200 url='https://www.idp.com/nepal/find-a-course/all-subject/postgraduate/australia/?page=345'
2026-03-17 17:32:08 [info     ] http_request                   response_time_ms=1343.3 scraper=IDPCourseScraper status_code=200 url='https://www.idp.com/nepal/find-a-course/all-subject/postgraduate/australia/?page=346'
2026-03-17 17:32:09 [info     ] http_request                   response_time_ms=1267.3 scraper=IDPCourseScraper status_code=200 url='https://www.idp.com/nepal/find-a-course/all-subject/postgraduate/australia/?page=347'
2026-03-17 17:32:10 [info     ] http_request                   response_time_ms=1273.1 scraper=IDPCourseScraper status_code=200 url='https://www.idp.com/nepal/find-a-course/all-subject/postgraduate/australia/?page=348'
2026-03-17 17:32:11 [info     ] http_request                   response_time_ms=1182.4 scraper=IDPCourseScraper status_code=200 url='https://www.idp.com/nepal/find-a-course/all-subject/postgraduate/australia/?page=349'
2026-03-17 17:32:11 [info     ] pagination_progress            courses_so_far=4188 page=350 scraper=IDPCourseScraper
2026-03-17 17:32:13 [info     ] http_request                   response_time_ms=1241.2 scraper=IDPCourseScraper status_code=200 url='https://www.idp.com/nepal/find-a-course/all-subject/postgraduate/australia/?page=350'
2026-03-17 17:32:14 [info     ] http_request                   response_time_ms=1202.7 scraper=IDPCourseScraper status_code=200 url='https://www.idp.com/nepal/find-a-course/all-subject/postgraduate/australia/?page=351'
2026-03-17 17:32:15 [info     ] http_request                   response_time_ms=1148.4 scraper=IDPCourseScraper status_code=200 url='https://www.idp.com/nepal/find-a-course/all-subject/postgraduate/australia/?page=352'
2026-03-17 17:32:16 [info     ] http_request                   response_time_ms=1249.7 scraper=IDPCourseScraper status_code=200 url='https://www.idp.com/nepal/find-a-course/all-subject/postgraduate/australia/?page=353'
2026-03-17 17:32:18 [info     ] http_request                   response_time_ms=1276.1 scraper=IDPCourseScraper status_code=200 url='https://www.idp.com/nepal/find-a-course/all-subject/postgraduate/australia/?page=354'
2026-03-17 17:32:19 [info     ] http_request                   response_time_ms=1308.3 scraper=IDPCourseScraper status_code=200 url='https://www.idp.com/nepal/find-a-course/all-subject/postgraduate/australia/?page=355'
2026-03-17 17:32:21 [info     ] http_request                   response_time_ms=1377.4 scraper=IDPCourseScraper status_code=200 url='https://www.idp.com/nepal/find-a-course/all-subject/postgraduate/australia/?page=356'
2026-03-17 17:32:22 [info     ] http_request                   response_time_ms=1144.8 scraper=IDPCourseScraper status_code=200 url='https://www.idp.com/nepal/find-a-course/all-subject/postgraduate/australia/?page=357'
2026-03-17 17:32:23 [info     ] http_request                   response_time_ms=907.6 scraper=IDPCourseScraper status_code=200 url='https://www.idp.com/nepal/find-a-course/all-subject/postgraduate/australia/?page=358'
2026-03-17 17:32:24 [info     ] http_request                   response_time_ms=1167.5 scraper=IDPCourseScraper status_code=200 url='https://www.idp.com/nepal/find-a-course/all-subject/postgraduate/australia/?page=359'
2026-03-17 17:32:25 [info     ] http_request                   response_time_ms=1334.0 scraper=IDPCourseScraper status_code=200 url='https://www.idp.com/nepal/find-a-course/all-subject/postgraduate/australia/?page=360'
2026-03-17 17:32:27 [info     ] http_request                   response_time_ms=1525.5 scraper=IDPCourseScraper status_code=200 url='https://www.idp.com/nepal/find-a-course/all-subject/postgraduate/australia/?page=361'
2026-03-17 17:32:28 [info     ] http_request                   response_time_ms=1454.0 scraper=IDPCourseScraper status_code=200 url='https://www.idp.com/nepal/find-a-course/all-subject/postgraduate/australia/?page=362'
2026-03-17 17:32:30 [info     ] http_request                   response_time_ms=1175.7 scraper=IDPCourseScraper status_code=200 url='https://www.idp.com/nepal/find-a-course/all-subject/postgraduate/australia/?page=363'
2026-03-17 17:32:31 [info     ] http_request                   response_time_ms=1176.3 scraper=IDPCourseScraper status_code=200 url='https://www.idp.com/nepal/find-a-course/all-subject/postgraduate/australia/?page=364'
2026-03-17 17:32:32 [info     ] http_request                   response_time_ms=1378.7 scraper=IDPCourseScraper status_code=200 url='https://www.idp.com/nepal/find-a-course/all-subject/postgraduate/australia/?page=365'
2026-03-17 17:32:33 [info     ] http_request                   response_time_ms=1190.6 scraper=IDPCourseScraper status_code=200 url='https://www.idp.com/nepal/find-a-course/all-subject/postgraduate/australia/?page=366'
2026-03-17 17:32:35 [info     ] http_request                   response_time_ms=1493.2 scraper=IDPCourseScraper status_code=200 url='https://www.idp.com/nepal/find-a-course/all-subject/postgraduate/australia/?page=367'
2026-03-17 17:32:36 [info     ] http_request                   response_time_ms=1205.5 scraper=IDPCourseScraper status_code=200 url='https://www.idp.com/nepal/find-a-course/all-subject/postgraduate/australia/?page=368'
2026-03-17 17:32:38 [info     ] http_request                   response_time_ms=1235.5 scraper=IDPCourseScraper status_code=200 url='https://www.idp.com/nepal/find-a-course/all-subject/postgraduate/australia/?page=369'
2026-03-17 17:32:39 [info     ] http_request                   response_time_ms=1279.8 scraper=IDPCourseScraper status_code=200 url='https://www.idp.com/nepal/find-a-course/all-subject/postgraduate/australia/?page=370'
2026-03-17 17:32:41 [info     ] http_request                   response_time_ms=1680.7 scraper=IDPCourseScraper status_code=200 url='https://www.idp.com/nepal/find-a-course/all-subject/postgraduate/australia/?page=371'
2026-03-17 17:32:42 [info     ] http_request                   response_time_ms=1243.1 scraper=IDPCourseScraper status_code=200 url='https://www.idp.com/nepal/find-a-course/all-subject/postgraduate/australia/?page=372'
2026-03-17 17:32:43 [info     ] http_request                   response_time_ms=1148.1 scraper=IDPCourseScraper status_code=200 url='https://www.idp.com/nepal/find-a-course/all-subject/postgraduate/australia/?page=373'
2026-03-17 17:32:44 [info     ] http_request                   response_time_ms=1322.8 scraper=IDPCourseScraper status_code=200 url='https://www.idp.com/nepal/find-a-course/all-subject/postgraduate/australia/?page=374'
2026-03-17 17:32:46 [info     ] http_request                   response_time_ms=1208.9 scraper=IDPCourseScraper status_code=200 url='https://www.idp.com/nepal/find-a-course/all-subject/postgraduate/australia/?page=375'
2026-03-17 17:32:47 [info     ] http_request                   response_time_ms=1521.8 scraper=IDPCourseScraper status_code=200 url='https://www.idp.com/nepal/find-a-course/all-subject/postgraduate/australia/?page=376'
2026-03-17 17:32:49 [info     ] http_request                   response_time_ms=1278.9 scraper=IDPCourseScraper status_code=200 url='https://www.idp.com/nepal/find-a-course/all-subject/postgraduate/australia/?page=377'
2026-03-17 17:32:50 [info     ] http_request                   response_time_ms=1201.3 scraper=IDPCourseScraper status_code=200 url='https://www.idp.com/nepal/find-a-course/all-subject/postgraduate/australia/?page=378'
2026-03-17 17:32:51 [info     ] http_request                   response_time_ms=1335.2 scraper=IDPCourseScraper status_code=200 url='https://www.idp.com/nepal/find-a-course/all-subject/postgraduate/australia/?page=379'
2026-03-17 17:32:52 [info     ] http_request                   response_time_ms=961.2 scraper=IDPCourseScraper status_code=200 url='https://www.idp.com/nepal/find-a-course/all-subject/postgraduate/australia/?page=380'
2026-03-17 17:32:54 [info     ] http_request                   response_time_ms=1388.9 scraper=IDPCourseScraper status_code=200 url='https://www.idp.com/nepal/find-a-course/all-subject/postgraduate/australia/?page=381'
2026-03-17 17:32:55 [info     ] http_request                   response_time_ms=1399.2 scraper=IDPCourseScraper status_code=200 url='https://www.idp.com/nepal/find-a-course/all-subject/postgraduate/australia/?page=382'
2026-03-17 17:32:56 [info     ] http_request                   response_time_ms=1309.8 scraper=IDPCourseScraper status_code=200 url='https://www.idp.com/nepal/find-a-course/all-subject/postgraduate/australia/?page=383'
2026-03-17 17:32:58 [info     ] http_request                   response_time_ms=1158.2 scraper=IDPCourseScraper status_code=200 url='https://www.idp.com/nepal/find-a-course/all-subject/postgraduate/australia/?page=384'
2026-03-17 17:32:59 [info     ] http_request                   response_time_ms=1229.3 scraper=IDPCourseScraper status_code=200 url='https://www.idp.com/nepal/find-a-course/all-subject/postgraduate/australia/?page=385'
2026-03-17 17:33:00 [info     ] http_request                   response_time_ms=1274.2 scraper=IDPCourseScraper status_code=200 url='https://www.idp.com/nepal/find-a-course/all-subject/postgraduate/australia/?page=386'
2026-03-17 17:33:02 [info     ] http_request                   response_time_ms=1369.2 scraper=IDPCourseScraper status_code=200 url='https://www.idp.com/nepal/find-a-course/all-subject/postgraduate/australia/?page=387'
2026-03-17 17:33:03 [info     ] http_request                   response_time_ms=1398.6 scraper=IDPCourseScraper status_code=200 url='https://www.idp.com/nepal/find-a-course/all-subject/postgraduate/australia/?page=388'
2026-03-17 17:33:04 [info     ] http_request                   response_time_ms=1300.1 scraper=IDPCourseScraper status_code=200 url='https://www.idp.com/nepal/find-a-course/all-subject/postgraduate/australia/?page=389'
2026-03-17 17:33:06 [info     ] http_request                   response_time_ms=1204.3 scraper=IDPCourseScraper status_code=200 url='https://www.idp.com/nepal/find-a-course/all-subject/postgraduate/australia/?page=390'
2026-03-17 17:33:07 [info     ] http_request                   response_time_ms=1188.1 scraper=IDPCourseScraper status_code=200 url='https://www.idp.com/nepal/find-a-course/all-subject/postgraduate/australia/?page=391'
2026-03-17 17:33:08 [info     ] http_request                   response_time_ms=1357.3 scraper=IDPCourseScraper status_code=200 url='https://www.idp.com/nepal/find-a-course/all-subject/postgraduate/australia/?page=392'
2026-03-17 17:33:10 [info     ] http_request                   response_time_ms=1195.3 scraper=IDPCourseScraper status_code=200 url='https://www.idp.com/nepal/find-a-course/all-subject/postgraduate/australia/?page=393'
2026-03-17 17:33:11 [info     ] http_request                   response_time_ms=1280.9 scraper=IDPCourseScraper status_code=200 url='https://www.idp.com/nepal/find-a-course/all-subject/postgraduate/australia/?page=394'
2026-03-17 17:33:12 [info     ] http_request                   response_time_ms=1422.5 scraper=IDPCourseScraper status_code=200 url='https://www.idp.com/nepal/find-a-course/all-subject/postgraduate/australia/?page=395'
2026-03-17 17:33:14 [info     ] http_request                   response_time_ms=1217.1 scraper=IDPCourseScraper status_code=200 url='https://www.idp.com/nepal/find-a-course/all-subject/postgraduate/australia/?page=396'
2026-03-17 17:33:15 [info     ] http_request                   response_time_ms=1401.8 scraper=IDPCourseScraper status_code=200 url='https://www.idp.com/nepal/find-a-course/all-subject/postgraduate/australia/?page=397'
2026-03-17 17:33:16 [info     ] http_request                   response_time_ms=1214.4 scraper=IDPCourseScraper status_code=200 url='https://www.idp.com/nepal/find-a-course/all-subject/postgraduate/australia/?page=398'
2026-03-17 17:33:18 [info     ] http_request                   response_time_ms=1322.2 scraper=IDPCourseScraper status_code=200 url='https://www.idp.com/nepal/find-a-course/all-subject/postgraduate/australia/?page=399'
2026-03-17 17:33:18 [info     ] pagination_progress            courses_so_far=4788 page=400 scraper=IDPCourseScraper
2026-03-17 17:33:19 [info     ] http_request                   response_time_ms=1269.6 scraper=IDPCourseScraper status_code=200 url='https://www.idp.com/nepal/find-a-course/all-subject/postgraduate/australia/?page=400'
2026-03-17 17:33:20 [info     ] http_request                   response_time_ms=1379.2 scraper=IDPCourseScraper status_code=200 url='https://www.idp.com/nepal/find-a-course/all-subject/postgraduate/australia/?page=401'
2026-03-17 17:33:22 [info     ] http_request                   response_time_ms=1147.6 scraper=IDPCourseScraper status_code=200 url='https://www.idp.com/nepal/find-a-course/all-subject/postgraduate/australia/?page=402'
2026-03-17 17:33:23 [info     ] http_request                   response_time_ms=1442.6 scraper=IDPCourseScraper status_code=200 url='https://www.idp.com/nepal/find-a-course/all-subject/postgraduate/australia/?page=403'
2026-03-17 17:33:25 [info     ] http_request                   response_time_ms=1529.4 scraper=IDPCourseScraper status_code=200 url='https://www.idp.com/nepal/find-a-course/all-subject/postgraduate/australia/?page=404'
2026-03-17 17:33:26 [info     ] http_request                   response_time_ms=1264.8 scraper=IDPCourseScraper status_code=200 url='https://www.idp.com/nepal/find-a-course/all-subject/postgraduate/australia/?page=405'
2026-03-17 17:33:27 [info     ] http_request                   response_time_ms=832.1 scraper=IDPCourseScraper status_code=200 url='https://www.idp.com/nepal/find-a-course/all-subject/postgraduate/australia/?page=406'
2026-03-17 17:33:28 [info     ] http_request                   response_time_ms=1334.8 scraper=IDPCourseScraper status_code=200 url='https://www.idp.com/nepal/find-a-course/all-subject/postgraduate/australia/?page=407'
2026-03-17 17:33:29 [info     ] http_request                   response_time_ms=1152.9 scraper=IDPCourseScraper status_code=200 url='https://www.idp.com/nepal/find-a-course/all-subject/postgraduate/australia/?page=408'
2026-03-17 17:33:31 [info     ] http_request                   response_time_ms=1222.3 scraper=IDPCourseScraper status_code=200 url='https://www.idp.com/nepal/find-a-course/all-subject/postgraduate/australia/?page=409'
2026-03-17 17:33:32 [info     ] http_request                   response_time_ms=1201.7 scraper=IDPCourseScraper status_code=200 url='https://www.idp.com/nepal/find-a-course/all-subject/postgraduate/australia/?page=410'
2026-03-17 17:33:33 [info     ] http_request                   response_time_ms=1289.7 scraper=IDPCourseScraper status_code=200 url='https://www.idp.com/nepal/find-a-course/all-subject/postgraduate/australia/?page=411'
2026-03-17 17:33:35 [info     ] http_request                   response_time_ms=1303.3 scraper=IDPCourseScraper status_code=200 url='https://www.idp.com/nepal/find-a-course/all-subject/postgraduate/australia/?page=412'
2026-03-17 17:33:36 [info     ] http_request                   response_time_ms=1235.6 scraper=IDPCourseScraper status_code=200 url='https://www.idp.com/nepal/find-a-course/all-subject/postgraduate/australia/?page=413'
2026-03-17 17:33:37 [info     ] http_request                   response_time_ms=1213.6 scraper=IDPCourseScraper status_code=200 url='https://www.idp.com/nepal/find-a-course/all-subject/postgraduate/australia/?page=414'
2026-03-17 17:33:38 [info     ] http_request                   response_time_ms=1183.5 scraper=IDPCourseScraper status_code=200 url='https://www.idp.com/nepal/find-a-course/all-subject/postgraduate/australia/?page=415'
2026-03-17 17:33:39 [info     ] http_request                   response_time_ms=930.9 scraper=IDPCourseScraper status_code=200 url='https://www.idp.com/nepal/find-a-course/all-subject/postgraduate/australia/?page=416'
2026-03-17 17:33:41 [info     ] http_request                   response_time_ms=1157.2 scraper=IDPCourseScraper status_code=200 url='https://www.idp.com/nepal/find-a-course/all-subject/postgraduate/australia/?page=417'
2026-03-17 17:33:42 [info     ] http_request                   response_time_ms=1163.7 scraper=IDPCourseScraper status_code=200 url='https://www.idp.com/nepal/find-a-course/all-subject/postgraduate/australia/?page=418'
2026-03-17 17:33:43 [info     ] http_request                   response_time_ms=1361.4 scraper=IDPCourseScraper status_code=200 url='https://www.idp.com/nepal/find-a-course/all-subject/postgraduate/australia/?page=419'
2026-03-17 17:33:44 [info     ] http_request                   response_time_ms=1182.1 scraper=IDPCourseScraper status_code=200 url='https://www.idp.com/nepal/find-a-course/all-subject/postgraduate/australia/?page=420'
2026-03-17 17:33:46 [info     ] http_request                   response_time_ms=1244.7 scraper=IDPCourseScraper status_code=200 url='https://www.idp.com/nepal/find-a-course/all-subject/postgraduate/australia/?page=421'
2026-03-17 17:33:47 [info     ] http_request                   response_time_ms=1229.8 scraper=IDPCourseScraper status_code=200 url='https://www.idp.com/nepal/find-a-course/all-subject/postgraduate/australia/?page=422'
2026-03-17 17:33:48 [info     ] http_request                   response_time_ms=1226.4 scraper=IDPCourseScraper status_code=200 url='https://www.idp.com/nepal/find-a-course/all-subject/postgraduate/australia/?page=423'
2026-03-17 17:33:50 [info     ] http_request                   response_time_ms=1409.8 scraper=IDPCourseScraper status_code=200 url='https://www.idp.com/nepal/find-a-course/all-subject/postgraduate/australia/?page=424'
2026-03-17 17:33:51 [info     ] http_request                   response_time_ms=1156.7 scraper=IDPCourseScraper status_code=200 url='https://www.idp.com/nepal/find-a-course/all-subject/postgraduate/australia/?page=425'
2026-03-17 17:33:52 [info     ] http_request                   response_time_ms=1180.4 scraper=IDPCourseScraper status_code=200 url='https://www.idp.com/nepal/find-a-course/all-subject/postgraduate/australia/?page=426'
2026-03-17 17:33:53 [info     ] http_request                   response_time_ms=1208.8 scraper=IDPCourseScraper status_code=200 url='https://www.idp.com/nepal/find-a-course/all-subject/postgraduate/australia/?page=427'
2026-03-17 17:33:55 [info     ] http_request                   response_time_ms=1171.7 scraper=IDPCourseScraper status_code=200 url='https://www.idp.com/nepal/find-a-course/all-subject/postgraduate/australia/?page=428'
2026-03-17 17:33:56 [info     ] http_request                   response_time_ms=1320.8 scraper=IDPCourseScraper status_code=200 url='https://www.idp.com/nepal/find-a-course/all-subject/postgraduate/australia/?page=429'
2026-03-17 17:33:57 [info     ] http_request                   response_time_ms=1294.8 scraper=IDPCourseScraper status_code=200 url='https://www.idp.com/nepal/find-a-course/all-subject/postgraduate/australia/?page=430'
2026-03-17 17:33:59 [info     ] http_request                   response_time_ms=1376.0 scraper=IDPCourseScraper status_code=200 url='https://www.idp.com/nepal/find-a-course/all-subject/postgraduate/australia/?page=431'
2026-03-17 17:34:00 [info     ] http_request                   response_time_ms=1235.4 scraper=IDPCourseScraper status_code=200 url='https://www.idp.com/nepal/find-a-course/all-subject/postgraduate/australia/?page=432'
2026-03-17 17:34:01 [info     ] http_request                   response_time_ms=1231.3 scraper=IDPCourseScraper status_code=200 url='https://www.idp.com/nepal/find-a-course/all-subject/postgraduate/australia/?page=433'
2026-03-17 17:34:02 [info     ] http_request                   response_time_ms=1142.5 scraper=IDPCourseScraper status_code=200 url='https://www.idp.com/nepal/find-a-course/all-subject/postgraduate/australia/?page=434'
2026-03-17 17:34:04 [info     ] http_request                   response_time_ms=1545.2 scraper=IDPCourseScraper status_code=200 url='https://www.idp.com/nepal/find-a-course/all-subject/postgraduate/australia/?page=435'
2026-03-17 17:34:05 [info     ] http_request                   response_time_ms=1091.8 scraper=IDPCourseScraper status_code=200 url='https://www.idp.com/nepal/find-a-course/all-subject/postgraduate/australia/?page=436'
2026-03-17 17:34:06 [info     ] http_request                   response_time_ms=1169.0 scraper=IDPCourseScraper status_code=200 url='https://www.idp.com/nepal/find-a-course/all-subject/postgraduate/australia/?page=437'
2026-03-17 17:34:08 [info     ] http_request                   response_time_ms=1135.4 scraper=IDPCourseScraper status_code=200 url='https://www.idp.com/nepal/find-a-course/all-subject/postgraduate/australia/?page=438'
2026-03-17 17:34:09 [info     ] http_request                   response_time_ms=1319.0 scraper=IDPCourseScraper status_code=200 url='https://www.idp.com/nepal/find-a-course/all-subject/postgraduate/australia/?page=439'
2026-03-17 17:34:10 [info     ] http_request                   response_time_ms=1181.8 scraper=IDPCourseScraper status_code=200 url='https://www.idp.com/nepal/find-a-course/all-subject/postgraduate/australia/?page=440'
2026-03-17 17:34:11 [info     ] http_request                   response_time_ms=1181.9 scraper=IDPCourseScraper status_code=200 url='https://www.idp.com/nepal/find-a-course/all-subject/postgraduate/australia/?page=441'
2026-03-17 17:34:13 [info     ] http_request                   response_time_ms=1261.7 scraper=IDPCourseScraper status_code=200 url='https://www.idp.com/nepal/find-a-course/all-subject/postgraduate/australia/?page=442'
2026-03-17 17:34:14 [info     ] http_request                   response_time_ms=1304.2 scraper=IDPCourseScraper status_code=200 url='https://www.idp.com/nepal/find-a-course/all-subject/postgraduate/australia/?page=443'
2026-03-17 17:34:16 [info     ] http_request                   response_time_ms=1556.4 scraper=IDPCourseScraper status_code=200 url='https://www.idp.com/nepal/find-a-course/all-subject/postgraduate/australia/?page=444'
2026-03-17 17:34:17 [info     ] http_request                   response_time_ms=926.2 scraper=IDPCourseScraper status_code=200 url='https://www.idp.com/nepal/find-a-course/all-subject/postgraduate/australia/?page=445'
2026-03-17 17:34:18 [info     ] http_request                   response_time_ms=1196.4 scraper=IDPCourseScraper status_code=200 url='https://www.idp.com/nepal/find-a-course/all-subject/postgraduate/australia/?page=446'
2026-03-17 17:34:19 [info     ] http_request                   response_time_ms=1178.6 scraper=IDPCourseScraper status_code=200 url='https://www.idp.com/nepal/find-a-course/all-subject/postgraduate/australia/?page=447'
2026-03-17 17:34:21 [info     ] http_request                   response_time_ms=1504.8 scraper=IDPCourseScraper status_code=200 url='https://www.idp.com/nepal/find-a-course/all-subject/postgraduate/australia/?page=448'
2026-03-17 17:34:22 [info     ] http_request                   response_time_ms=837.5 scraper=IDPCourseScraper status_code=200 url='https://www.idp.com/nepal/find-a-course/all-subject/postgraduate/australia/?page=449'
2026-03-17 17:34:22 [info     ] pagination_progress            courses_so_far=5388 page=450 scraper=IDPCourseScraper
2026-03-17 17:34:23 [info     ] http_request                   response_time_ms=1272.4 scraper=IDPCourseScraper status_code=200 url='https://www.idp.com/nepal/find-a-course/all-subject/postgraduate/australia/?page=450'
2026-03-17 17:34:24 [info     ] http_request                   response_time_ms=1177.2 scraper=IDPCourseScraper status_code=200 url='https://www.idp.com/nepal/find-a-course/all-subject/postgraduate/australia/?page=451'
2026-03-17 17:34:25 [info     ] http_request                   response_time_ms=1216.2 scraper=IDPCourseScraper status_code=200 url='https://www.idp.com/nepal/find-a-course/all-subject/postgraduate/australia/?page=452'
2026-03-17 17:34:27 [info     ] http_request                   response_time_ms=1162.2 scraper=IDPCourseScraper status_code=200 url='https://www.idp.com/nepal/find-a-course/all-subject/postgraduate/australia/?page=453'
2026-03-17 17:34:28 [info     ] http_request                   response_time_ms=1195.6 scraper=IDPCourseScraper status_code=200 url='https://www.idp.com/nepal/find-a-course/all-subject/postgraduate/australia/?page=454'
2026-03-17 17:34:30 [info     ] http_request                   response_time_ms=1610.6 scraper=IDPCourseScraper status_code=200 url='https://www.idp.com/nepal/find-a-course/all-subject/postgraduate/australia/?page=455'
2026-03-17 17:34:31 [info     ] http_request                   response_time_ms=1393.4 scraper=IDPCourseScraper status_code=200 url='https://www.idp.com/nepal/find-a-course/all-subject/postgraduate/australia/?page=456'
2026-03-17 17:34:32 [info     ] http_request                   response_time_ms=1209.2 scraper=IDPCourseScraper status_code=200 url='https://www.idp.com/nepal/find-a-course/all-subject/postgraduate/australia/?page=457'
2026-03-17 17:34:33 [info     ] http_request                   response_time_ms=1188.8 scraper=IDPCourseScraper status_code=200 url='https://www.idp.com/nepal/find-a-course/all-subject/postgraduate/australia/?page=458'
2026-03-17 17:34:35 [info     ] http_request                   response_time_ms=1336.5 scraper=IDPCourseScraper status_code=200 url='https://www.idp.com/nepal/find-a-course/all-subject/postgraduate/australia/?page=459'
2026-03-17 17:34:37 [info     ] http_request                   response_time_ms=1701.6 scraper=IDPCourseScraper status_code=200 url='https://www.idp.com/nepal/find-a-course/all-subject/postgraduate/australia/?page=460'
2026-03-17 17:34:38 [info     ] http_request                   response_time_ms=1228.7 scraper=IDPCourseScraper status_code=200 url='https://www.idp.com/nepal/find-a-course/all-subject/postgraduate/australia/?page=461'
2026-03-17 17:34:39 [info     ] http_request                   response_time_ms=1246.7 scraper=IDPCourseScraper status_code=200 url='https://www.idp.com/nepal/find-a-course/all-subject/postgraduate/australia/?page=462'
2026-03-17 17:34:41 [info     ] http_request                   response_time_ms=1425.8 scraper=IDPCourseScraper status_code=200 url='https://www.idp.com/nepal/find-a-course/all-subject/postgraduate/australia/?page=463'
2026-03-17 17:34:42 [info     ] http_request                   response_time_ms=1203.2 scraper=IDPCourseScraper status_code=200 url='https://www.idp.com/nepal/find-a-course/all-subject/postgraduate/australia/?page=464'
2026-03-17 17:34:43 [info     ] http_request                   response_time_ms=1142.5 scraper=IDPCourseScraper status_code=200 url='https://www.idp.com/nepal/find-a-course/all-subject/postgraduate/australia/?page=465'
2026-03-17 17:34:45 [info     ] http_request                   response_time_ms=1581.9 scraper=IDPCourseScraper status_code=200 url='https://www.idp.com/nepal/find-a-course/all-subject/postgraduate/australia/?page=466'
2026-03-17 17:34:46 [info     ] http_request                   response_time_ms=1183.1 scraper=IDPCourseScraper status_code=200 url='https://www.idp.com/nepal/find-a-course/all-subject/postgraduate/australia/?page=467'
2026-03-17 17:34:47 [info     ] http_request                   response_time_ms=1212.5 scraper=IDPCourseScraper status_code=200 url='https://www.idp.com/nepal/find-a-course/all-subject/postgraduate/australia/?page=468'
2026-03-17 17:34:48 [info     ] http_request                   response_time_ms=1168.5 scraper=IDPCourseScraper status_code=200 url='https://www.idp.com/nepal/find-a-course/all-subject/postgraduate/australia/?page=469'
2026-03-17 17:34:49 [info     ] http_request                   response_time_ms=858.2 scraper=IDPCourseScraper status_code=200 url='https://www.idp.com/nepal/find-a-course/all-subject/postgraduate/australia/?page=470'
2026-03-17 17:34:51 [info     ] http_request                   response_time_ms=1355.3 scraper=IDPCourseScraper status_code=200 url='https://www.idp.com/nepal/find-a-course/all-subject/postgraduate/australia/?page=471'
2026-03-17 17:34:52 [info     ] http_request                   response_time_ms=1593.4 scraper=IDPCourseScraper status_code=200 url='https://www.idp.com/nepal/find-a-course/all-subject/postgraduate/australia/?page=472'
2026-03-17 17:34:54 [info     ] http_request                   response_time_ms=1174.6 scraper=IDPCourseScraper status_code=200 url='https://www.idp.com/nepal/find-a-course/all-subject/postgraduate/australia/?page=473'
2026-03-17 17:34:55 [info     ] http_request                   response_time_ms=1257.3 scraper=IDPCourseScraper status_code=200 url='https://www.idp.com/nepal/find-a-course/all-subject/postgraduate/australia/?page=474'
2026-03-17 17:34:56 [info     ] http_request                   response_time_ms=957.0 scraper=IDPCourseScraper status_code=200 url='https://www.idp.com/nepal/find-a-course/all-subject/postgraduate/australia/?page=475'
2026-03-17 17:34:57 [info     ] http_request                   response_time_ms=1504.8 scraper=IDPCourseScraper status_code=200 url='https://www.idp.com/nepal/find-a-course/all-subject/postgraduate/australia/?page=476'
2026-03-17 17:34:59 [info     ] http_request                   response_time_ms=1407.5 scraper=IDPCourseScraper status_code=200 url='https://www.idp.com/nepal/find-a-course/all-subject/postgraduate/australia/?page=477'
2026-03-17 17:35:01 [info     ] http_request                   response_time_ms=1551.6 scraper=IDPCourseScraper status_code=200 url='https://www.idp.com/nepal/find-a-course/all-subject/postgraduate/australia/?page=478'
2026-03-17 17:35:02 [info     ] http_request                   response_time_ms=1607.5 scraper=IDPCourseScraper status_code=200 url='https://www.idp.com/nepal/find-a-course/all-subject/postgraduate/australia/?page=479'
2026-03-17 17:35:03 [info     ] http_request                   response_time_ms=1185.6 scraper=IDPCourseScraper status_code=200 url='https://www.idp.com/nepal/find-a-course/all-subject/postgraduate/australia/?page=480'
2026-03-17 17:35:05 [info     ] http_request                   response_time_ms=1184.2 scraper=IDPCourseScraper status_code=200 url='https://www.idp.com/nepal/find-a-course/all-subject/postgraduate/australia/?page=481'
2026-03-17 17:35:06 [info     ] http_request                   response_time_ms=1176.2 scraper=IDPCourseScraper status_code=200 url='https://www.idp.com/nepal/find-a-course/all-subject/postgraduate/australia/?page=482'
2026-03-17 17:35:07 [info     ] http_request                   response_time_ms=1279.6 scraper=IDPCourseScraper status_code=200 url='https://www.idp.com/nepal/find-a-course/all-subject/postgraduate/australia/?page=483'
2026-03-17 17:35:09 [info     ] http_request                   response_time_ms=1405.8 scraper=IDPCourseScraper status_code=200 url='https://www.idp.com/nepal/find-a-course/all-subject/postgraduate/australia/?page=484'
2026-03-17 17:35:10 [info     ] http_request                   response_time_ms=1490.7 scraper=IDPCourseScraper status_code=200 url='https://www.idp.com/nepal/find-a-course/all-subject/postgraduate/australia/?page=485'
2026-03-17 17:35:12 [info     ] http_request                   response_time_ms=1749.4 scraper=IDPCourseScraper status_code=200 url='https://www.idp.com/nepal/find-a-course/all-subject/postgraduate/australia/?page=486'
2026-03-17 17:35:13 [info     ] http_request                   response_time_ms=1439.3 scraper=IDPCourseScraper status_code=200 url='https://www.idp.com/nepal/find-a-course/all-subject/postgraduate/australia/?page=487'
2026-03-17 17:35:15 [info     ] http_request                   response_time_ms=1459.1 scraper=IDPCourseScraper status_code=200 url='https://www.idp.com/nepal/find-a-course/all-subject/postgraduate/australia/?page=488'
2026-03-17 17:35:16 [info     ] http_request                   response_time_ms=1336.8 scraper=IDPCourseScraper status_code=200 url='https://www.idp.com/nepal/find-a-course/all-subject/postgraduate/australia/?page=489'
2026-03-17 17:35:17 [info     ] http_request                   response_time_ms=1186.0 scraper=IDPCourseScraper status_code=200 url='https://www.idp.com/nepal/find-a-course/all-subject/postgraduate/australia/?page=490'
2026-03-17 17:35:19 [info     ] http_request                   response_time_ms=1486.7 scraper=IDPCourseScraper status_code=200 url='https://www.idp.com/nepal/find-a-course/all-subject/postgraduate/australia/?page=491'
2026-03-17 17:35:21 [info     ] http_request                   response_time_ms=1526.7 scraper=IDPCourseScraper status_code=200 url='https://www.idp.com/nepal/find-a-course/all-subject/postgraduate/australia/?page=492'
2026-03-17 17:35:22 [info     ] http_request                   response_time_ms=1390.1 scraper=IDPCourseScraper status_code=200 url='https://www.idp.com/nepal/find-a-course/all-subject/postgraduate/australia/?page=493'
2026-03-17 17:35:23 [info     ] http_request                   response_time_ms=1200.2 scraper=IDPCourseScraper status_code=200 url='https://www.idp.com/nepal/find-a-course/all-subject/postgraduate/australia/?page=494'
2026-03-17 17:56:17 [error    ] http_timeout                   response_time_ms=30033.1 scraper=IDPCourseScraper url='https://www.idp.com/nepal/find-a-course/all-subject/postgraduate/australia/?page=495'
2026-03-17 17:56:17 [warning  ] page_fetch_failed              page=495 scraper=IDPCourseScraper url='https://www.idp.com/nepal/find-a-course/all-subject/postgraduate/australia/?page=495'
2026-03-17 17:56:17 [info     ] combo_complete                 combo=australia:postgraduate found=5928 progress=11.1% scraper=IDPCourseScraper total=19230
2026-03-17 17:56:17 [info     ] combo_start                    combo=australia:doctorate progress=11.1% scraper=IDPCourseScraper total_so_far=19230
2026-03-17 17:56:21 [info     ] http_request                   response_time_ms=4009.9 scraper=IDPCourseScraper status_code=200 url=https://www.idp.com/nepal/find-a-course/all-subject/doctorate/australia/
2026-03-17 17:56:23 [info     ] http_request                   response_time_ms=1598.6 scraper=IDPCourseScraper status_code=200 url='https://www.idp.com/nepal/find-a-course/all-subject/doctorate/australia/?page=2'
2026-03-17 17:56:24 [info     ] http_request                   response_time_ms=1623.8 scraper=IDPCourseScraper status_code=200 url='https://www.idp.com/nepal/find-a-course/all-subject/doctorate/australia/?page=3'
2026-03-17 17:56:26 [info     ] http_request                   response_time_ms=1290.6 scraper=IDPCourseScraper status_code=200 url='https://www.idp.com/nepal/find-a-course/all-subject/doctorate/australia/?page=4'
2026-03-17 17:56:27 [info     ] http_request                   response_time_ms=1298.8 scraper=IDPCourseScraper status_code=200 url='https://www.idp.com/nepal/find-a-course/all-subject/doctorate/australia/?page=5'
2026-03-17 17:56:28 [info     ] http_request                   response_time_ms=1294.9 scraper=IDPCourseScraper status_code=200 url='https://www.idp.com/nepal/find-a-course/all-subject/doctorate/australia/?page=6'
2026-03-17 20:40:40 [error    ] http_timeout                   response_time_ms=30077.7 scraper=IDPCourseScraper url='https://www.idp.com/nepal/find-a-course/all-subject/doctorate/australia/?page=7'
2026-03-17 20:40:40 [warning  ] page_fetch_failed              page=7 scraper=IDPCourseScraper url='https://www.idp.com/nepal/find-a-course/all-subject/doctorate/australia/?page=7'
2026-03-17 20:40:40 [info     ] combo_complete                 combo=australia:doctorate found=72 progress=16.7% scraper=IDPCourseScraper total=19302
2026-03-17 20:40:40 [info     ] combo_start                    combo=united-kingdom:undergraduate progress=16.7% scraper=IDPCourseScraper total_so_far=19302
2026-03-17 20:40:40 [error    ] connection_error               error='[Errno 8] nodename nor servname provided, or not known' scraper=IDPCourseScraper url=https://www.idp.com/nepal/find-a-course/all-subject/undergraduate/united-kingdom/
2026-03-17 20:40:40 [warning  ] page_fetch_failed              page=1 scraper=IDPCourseScraper url=https://www.idp.com/nepal/find-a-course/all-subject/undergraduate/united-kingdom/
2026-03-17 20:40:40 [info     ] combo_complete                 combo=united-kingdom:undergraduate found=0 progress=22.2% scraper=IDPCourseScraper total=19302
2026-03-17 20:40:40 [info     ] combo_start                    combo=united-kingdom:postgraduate progress=22.2% scraper=IDPCourseScraper total_so_far=19302
2026-03-17 20:40:41 [error    ] connection_error               error='[Errno 8] nodename nor servname provided, or not known' scraper=IDPCourseScraper url=https://www.idp.com/nepal/find-a-course/all-subject/postgraduate/united-kingdom/
2026-03-17 20:40:41 [warning  ] page_fetch_failed              page=1 scraper=IDPCourseScraper url=https://www.idp.com/nepal/find-a-course/all-subject/postgraduate/united-kingdom/
2026-03-17 20:40:41 [info     ] combo_complete                 combo=united-kingdom:postgraduate found=0 progress=27.8% scraper=IDPCourseScraper total=19302
2026-03-17 20:40:41 [info     ] combo_start                    combo=united-kingdom:doctorate progress=27.8% scraper=IDPCourseScraper total_so_far=19302
2026-03-17 20:40:42 [error    ] connection_error               error='[Errno 8] nodename nor servname provided, or not known' scraper=IDPCourseScraper url=https://www.idp.com/nepal/find-a-course/all-subject/doctorate/united-kingdom/
2026-03-17 20:40:42 [warning  ] page_fetch_failed              page=1 scraper=IDPCourseScraper url=https://www.idp.com/nepal/find-a-course/all-subject/doctorate/united-kingdom/
2026-03-17 20:40:42 [info     ] combo_complete                 combo=united-kingdom:doctorate found=0 progress=33.3% scraper=IDPCourseScraper total=19302
2026-03-17 20:40:42 [info     ] combo_start                    combo=canada:undergraduate progress=33.3% scraper=IDPCourseScraper total_so_far=19302
2026-03-17 20:40:45 [info     ] http_request                   response_time_ms=1998.5 scraper=IDPCourseScraper status_code=200 url=https://www.idp.com/nepal/find-a-course/all-subject/undergraduate/canada/
2026-03-17 20:40:47 [info     ] http_request                   response_time_ms=1635.2 scraper=IDPCourseScraper status_code=200 url='https://www.idp.com/nepal/find-a-course/all-subject/undergraduate/canada/?page=2'
2026-03-17 21:00:02 [error    ] http_timeout                   response_time_ms=30104.0 scraper=IDPCourseScraper url='https://www.idp.com/nepal/find-a-course/all-subject/undergraduate/canada/?page=3'
2026-03-17 21:00:02 [warning  ] page_fetch_failed              page=3 scraper=IDPCourseScraper url='https://www.idp.com/nepal/find-a-course/all-subject/undergraduate/canada/?page=3'
2026-03-17 21:00:02 [info     ] combo_complete                 combo=canada:undergraduate found=24 progress=38.9% scraper=IDPCourseScraper total=19326
2026-03-17 21:00:02 [info     ] combo_start                    combo=canada:postgraduate progress=38.9% scraper=IDPCourseScraper total_so_far=19326
2026-03-17 21:38:52 [error    ] http_timeout                   response_time_ms=30249.1 scraper=IDPCourseScraper url=https://www.idp.com/nepal/find-a-course/all-subject/postgraduate/canada/
2026-03-17 21:38:52 [warning  ] page_fetch_failed              page=1 scraper=IDPCourseScraper url=https://www.idp.com/nepal/find-a-course/all-subject/postgraduate/canada/
2026-03-17 21:38:52 [info     ] combo_complete                 combo=canada:postgraduate found=0 progress=44.4% scraper=IDPCourseScraper total=19326
2026-03-17 21:38:52 [info     ] combo_start                    combo=canada:doctorate progress=44.4% scraper=IDPCourseScraper total_so_far=19326
2026-03-17 22:39:19 [error    ] http_timeout                   response_time_ms=30194.6 scraper=IDPCourseScraper url=https://www.idp.com/nepal/find-a-course/all-subject/doctorate/canada/
2026-03-17 22:39:19 [warning  ] page_fetch_failed              page=1 scraper=IDPCourseScraper url=https://www.idp.com/nepal/find-a-course/all-subject/doctorate/canada/
2026-03-17 22:39:19 [info     ] combo_complete                 combo=canada:doctorate found=0 progress=50.0% scraper=IDPCourseScraper total=19326
2026-03-17 22:39:19 [info     ] combo_start                    combo=united-states:undergraduate progress=50.0% scraper=IDPCourseScraper total_so_far=19326
2026-03-17 22:39:23 [info     ] http_request                   response_time_ms=3375.8 scraper=IDPCourseScraper status_code=200 url=https://www.idp.com/nepal/find-a-course/all-subject/undergraduate/united-states/
2026-03-17 22:41:57 [error    ] http_timeout                   response_time_ms=30055.2 scraper=IDPCourseScraper url='https://www.idp.com/nepal/find-a-course/all-subject/undergraduate/united-states/?page=2'
2026-03-17 22:41:57 [warning  ] page_fetch_failed              page=2 scraper=IDPCourseScraper url='https://www.idp.com/nepal/find-a-course/all-subject/undergraduate/united-states/?page=2'
2026-03-17 22:41:57 [info     ] combo_complete                 combo=united-states:undergraduate found=12 progress=55.6% scraper=IDPCourseScraper total=19338
2026-03-17 22:41:57 [info     ] combo_start                    combo=united-states:postgraduate progress=55.6% scraper=IDPCourseScraper total_so_far=19338
2026-03-17 22:42:01 [info     ] http_request                   response_time_ms=3648.4 scraper=IDPCourseScraper status_code=200 url=https://www.idp.com/nepal/find-a-course/all-subject/postgraduate/united-states/
2026-03-17 23:02:15 [error    ] http_timeout                   response_time_ms=30076.3 scraper=IDPCourseScraper url='https://www.idp.com/nepal/find-a-course/all-subject/postgraduate/united-states/?page=2'
2026-03-17 23:02:15 [warning  ] page_fetch_failed              page=2 scraper=IDPCourseScraper url='https://www.idp.com/nepal/find-a-course/all-subject/postgraduate/united-states/?page=2'
2026-03-17 23:02:15 [info     ] combo_complete                 combo=united-states:postgraduate found=12 progress=61.1% scraper=IDPCourseScraper total=19350
2026-03-17 23:02:15 [info     ] combo_start                    combo=united-states:doctorate progress=61.1% scraper=IDPCourseScraper total_so_far=19350
2026-03-18 00:08:43 [error    ] http_timeout                   response_time_ms=30226.6 scraper=IDPCourseScraper url=https://www.idp.com/nepal/find-a-course/all-subject/doctorate/united-states/
2026-03-18 00:08:43 [warning  ] page_fetch_failed              page=1 scraper=IDPCourseScraper url=https://www.idp.com/nepal/find-a-course/all-subject/doctorate/united-states/
2026-03-18 00:08:43 [info     ] combo_complete                 combo=united-states:doctorate found=0 progress=66.7% scraper=IDPCourseScraper total=19350
2026-03-18 00:08:43 [info     ] combo_start                    combo=ireland:undergraduate progress=66.7% scraper=IDPCourseScraper total_so_far=19350
2026-03-18 00:08:46 [info     ] http_request                   response_time_ms=3003.8 scraper=IDPCourseScraper status_code=200 url=https://www.idp.com/nepal/find-a-course/all-subject/undergraduate/ireland/
2026-03-18 00:08:47 [info     ] http_request                   response_time_ms=1429.9 scraper=IDPCourseScraper status_code=200 url='https://www.idp.com/nepal/find-a-course/all-subject/undergraduate/ireland/?page=2'
2026-03-18 00:11:22 [error    ] http_timeout                   response_time_ms=30061.5 scraper=IDPCourseScraper url='https://www.idp.com/nepal/find-a-course/all-subject/undergraduate/ireland/?page=3'
2026-03-18 00:11:22 [warning  ] page_fetch_failed              page=3 scraper=IDPCourseScraper url='https://www.idp.com/nepal/find-a-course/all-subject/undergraduate/ireland/?page=3'
2026-03-18 00:11:22 [info     ] combo_complete                 combo=ireland:undergraduate found=24 progress=72.2% scraper=IDPCourseScraper total=19374
2026-03-18 00:11:22 [info     ] combo_start                    combo=ireland:postgraduate progress=72.2% scraper=IDPCourseScraper total_so_far=19374
2026-03-18 00:11:24 [info     ] http_request                   response_time_ms=1970.0 scraper=IDPCourseScraper status_code=200 url=https://www.idp.com/nepal/find-a-course/all-subject/postgraduate/ireland/
2026-03-18 01:16:53 [error    ] http_timeout                   response_time_ms=30049.8 scraper=IDPCourseScraper url='https://www.idp.com/nepal/find-a-course/all-subject/postgraduate/ireland/?page=2'
2026-03-18 01:16:53 [warning  ] page_fetch_failed              page=2 scraper=IDPCourseScraper url='https://www.idp.com/nepal/find-a-course/all-subject/postgraduate/ireland/?page=2'
2026-03-18 01:16:53 [info     ] combo_complete                 combo=ireland:postgraduate found=12 progress=77.8% scraper=IDPCourseScraper total=19386
2026-03-18 01:16:53 [info     ] combo_start                    combo=ireland:doctorate progress=77.8% scraper=IDPCourseScraper total_so_far=19386
2026-03-18 01:16:54 [info     ] http_request                   response_time_ms=750.8 scraper=IDPCourseScraper status_code=200 url=https://www.idp.com/nepal/find-a-course/all-subject/doctorate/ireland/
2026-03-18 01:16:57 [info     ] http_request                   response_time_ms=3288.3 scraper=IDPCourseScraper status_code=200 url='https://www.idp.com/nepal/find-a-course/all-subject/doctorate/ireland/?page=2'
2026-03-18 01:16:59 [info     ] http_request                   response_time_ms=1558.8 scraper=IDPCourseScraper status_code=200 url='https://www.idp.com/nepal/find-a-course/all-subject/doctorate/ireland/?page=3'
2026-03-18 01:44:34 [error    ] http_timeout                   response_time_ms=30077.4 scraper=IDPCourseScraper url='https://www.idp.com/nepal/find-a-course/all-subject/doctorate/ireland/?page=4'
2026-03-18 01:44:34 [warning  ] page_fetch_failed              page=4 scraper=IDPCourseScraper url='https://www.idp.com/nepal/find-a-course/all-subject/doctorate/ireland/?page=4'
2026-03-18 01:44:34 [info     ] combo_complete                 combo=ireland:doctorate found=36 progress=83.3% scraper=IDPCourseScraper total=19422
2026-03-18 01:44:34 [info     ] combo_start                    combo=new-zealand:undergraduate progress=83.3% scraper=IDPCourseScraper total_so_far=19422
2026-03-18 02:20:22 [error    ] http_timeout                   response_time_ms=30534.5 scraper=IDPCourseScraper url=https://www.idp.com/nepal/find-a-course/all-subject/undergraduate/new-zealand/
2026-03-18 02:20:22 [warning  ] page_fetch_failed              page=1 scraper=IDPCourseScraper url=https://www.idp.com/nepal/find-a-course/all-subject/undergraduate/new-zealand/
2026-03-18 02:20:22 [info     ] combo_complete                 combo=new-zealand:undergraduate found=0 progress=88.9% scraper=IDPCourseScraper total=19422
2026-03-18 02:20:22 [info     ] combo_start                    combo=new-zealand:postgraduate progress=88.9% scraper=IDPCourseScraper total_so_far=19422
2026-03-18 06:04:04 [error    ] http_timeout                   response_time_ms=30218.8 scraper=IDPCourseScraper url=https://www.idp.com/nepal/find-a-course/all-subject/postgraduate/new-zealand/
2026-03-18 06:04:04 [warning  ] page_fetch_failed              page=1 scraper=IDPCourseScraper url=https://www.idp.com/nepal/find-a-course/all-subject/postgraduate/new-zealand/
2026-03-18 06:04:04 [info     ] combo_complete                 combo=new-zealand:postgraduate found=0 progress=94.4% scraper=IDPCourseScraper total=19422
2026-03-18 06:04:04 [info     ] combo_start                    combo=new-zealand:doctorate progress=94.4% scraper=IDPCourseScraper total_so_far=19422
2026-03-18 06:04:08 [info     ] http_request                   response_time_ms=3873.1 scraper=IDPCourseScraper status_code=200 url=https://www.idp.com/nepal/find-a-course/all-subject/doctorate/new-zealand/
2026-03-18 06:06:43 [error    ] http_timeout                   response_time_ms=30083.3 scraper=IDPCourseScraper url='https://www.idp.com/nepal/find-a-course/all-subject/doctorate/new-zealand/?page=2'
2026-03-18 06:06:43 [warning  ] page_fetch_failed              page=2 scraper=IDPCourseScraper url='https://www.idp.com/nepal/find-a-course/all-subject/doctorate/new-zealand/?page=2'
2026-03-18 06:06:43 [info     ] combo_complete                 combo=new-zealand:doctorate found=12 progress=100.0% scraper=IDPCourseScraper total=19434
2026-03-18 06:06:43 [info     ] scrape_complete                scraper=IDPCourseScraper total_courses=19434
